t,px,py,pz,qx,qy,qz,qw,vx_w,vy_w,vz_w,vx_b,vy_b,vz_b
0.0,3.6100876331329346,-0.278534471988678,0.36911875009536743,-0.019972166046500206,-0.04220423847436905,-0.061699848622083664,0.9970020651817322,-0.0011582069662805085,0.0005985465236382484,-0.0018423028681099308,-0.0013774729050531095,0.0005128396454028899,-0.001712701103372621
0.0996321,3.6099722385406494,-0.2784748375415802,0.3689351975917816,-0.02015799842774868,-0.041266296058893204,-0.061364587396383286,0.9970582723617554,-0.0003225193357252465,0.0004418541023867295,-0.0006395611751617292,-0.0004265372991736391,0.0004206342344327676,-0.0005911218484574105
0.199889865,3.6100242137908936,-0.27844634652137756,0.368992418050766,-0.019996393471956253,-0.04137368127703667,-0.061385832726955414,0.9970557689666748,0.0001501752728181316,0.0004968363536062004,-0.0003726960337022689,5.686983072785e-05,0.0005242942738672282,-0.0003608083218429557
0.299862825,3.6100025177001953,-0.2783754765987396,0.3688611090183258,-0.02015596441924572,-0.0410168282687664,-0.060984592884778976,0.9970918893814087,-3.15008295714847e-05,-0.0009023051266059401,0.00021086925959878933,9.484738910964396e-05,-0.0009061643517016174,0.00017170564606636043
0.39942595900000005,3.610017776489258,-0.2786250710487366,0.36903324723243713,-0.02040446549654007,-0.04236563295125961,-0.061441171914339066,0.9970024228096008,-0.0008694661149775129,-0.0010430187649552725,0.00010322708672383385,-0.0007248202100045352,-0.0011459629711846509,0.00012617381827871558
0.49938321900000004,3.609828233718872,-0.2785824239253998,0.36888042092323303,-0.020443245768547058,-0.04122502729296684,-0.06137534976005554,0.9970535039901733,-0.0010199514051620895,8.660624774226022e-06,-0.00015322682839813417,-0.0010228266199306924,-0.00011249082080559781,-7.08932793019904e-05
0.5997393670000001,3.609814167022705,-0.27862367033958435,0.36900365352630615,-0.020447105169296265,-0.04188021272420883,-0.06119081377983093,0.997037410736084,-0.0010536375306280377,-0.0014404175361364402,-4.65999598913136e-05,-0.0008727679846651388,-0.0015571335568891817,-2.7155323094966485e-05
0.699763844,3.6096177101135254,-0.2788703739643097,0.36887192726135254,-0.02166629768908024,-0.041490498930215836,-0.061449017375707626,0.9970120191574097,-0.0009066370220800479,-0.0009238117270267132,0.00025685149756426995,-0.0007632000956141745,-0.0010384759104351733,0.0002836985831822515
0.7997347060000001,3.609632730484009,-0.27880859375,0.3690548539161682,-0.02034486085176468,-0.04187694936990738,-0.06177055463194847,0.9970038533210754,-0.000834215145278705,0.001634121843547165,0.003620688323445753,-0.0007119765271473412,0.0013879745031812718,0.003747301595417253
0.8998257430000001,3.609450578689575,-0.2785432040691376,0.3695967197418213,-0.02321283333003521,-0.044124968349933624,-0.05978105962276459,0.9969655871391296,-0.0033091450310891446,0.0015614204848795055,-0.0006012580305239101,-0.003510097184363022,0.001172007800209208,-0.0002357996166841151
0.9994825820000001,3.6089730262756348,-0.27849575877189636,0.36893996596336365,-0.0250291395932436,-0.04176882281899452,-0.05774030461907387,0.9971433281898499,-0.0002824403076679971,0.0025381226749663366,-0.0046807065419880445,-0.0009699585964815223,0.0026959664176114035,-0.0044968653936944426
1.099632514,3.609398603439331,-0.2780340313911438,0.36866337060928345,-0.02469673380255699,-0.04102045297622681,-0.055898308753967285,0.9972877502441406,0.0028079222951191696,0.0025552818772975883,-0.0012564669973931242,0.002394934369335887,0.0029110810839170424,-0.0013351025027483778
1.199742501,3.6095354557037354,-0.2779838740825653,0.3686882257461548,-0.02538122609257698,-0.04155396297574043,-0.05544973537325859,0.9972735047340393,0.001038634560281082,0.0007067798444808648,0.00011554844995687041,0.0009618858695048992,0.0008132667835061628,7.087775077167384e-05
1.299710246,3.6096065044403076,-0.27789267897605896,0.3686865270137787,-0.025181422010064125,-0.041219744831323624,-0.05579258129000664,0.9972732663154602,-0.0004088578482530636,-0.0005585058583850167,0.0008243412964887842,-0.0002738422185183294,-0.0006382787489783504,0.0008223398232998999
1.3993295570000002,3.60945463180542,-0.2780943214893341,0.3688521683216095,-0.027252739295363426,-0.041737064719200134,-0.05598277598619461,0.9971866011619568,-0.0006069314781029789,-0.0008551316784815022,2.357149693921201e-05,-0.0005054480225925673,-0.0009188173147461748,2.1648572763706242e-05
1.4995657720000002,3.6094863414764404,-0.2780621349811554,0.3686892092227936,-0.0254826657474041,-0.04109686240553856,-0.0561150461435318,0.9972526431083679,-0.0007956857185220656,0.00013574268689020563,-0.0005649762852117934,-0.0008508208563649087,7.009965106884931e-05,-0.0004918637533406733
1.599561266,3.6092958450317383,-0.27806705236434937,0.3687385320663452,-0.02563595585525036,-0.04081875830888748,-0.05610650032758713,0.997260570526123,-0.0011764114116026292,-0.00011271222833020289,-7.329682649137581e-05,-0.001158885653645485,-0.0002425515022868407,1.3156407215900791e-05
1.699387046,3.609251022338867,-0.2780846357345581,0.36867475509643555,-0.0254772137850523,-0.040646106004714966,-0.056160394102334976,0.9972686767578125,0.0003017967841714153,-0.0016021448289251783,-0.0006483030122643729,0.000420627075149873,-0.0015255442288618,-0.0007576501943088748
1.798984632,3.6093556880950928,-0.2783859074115753,0.3686092495918274,-0.02749759890139103,-0.04007042571902275,-0.057414647191762924,0.9971668124198914,0.0012870508323388208,-0.0008539285323652113,5.432923183379401e-05,0.001374842006378644,-0.0006995280471608256,-9.547469599434075e-05
1.8996226090000001,3.609509229660034,-0.2782510817050934,0.36868712306022644,-0.027172470465302467,-0.04041692614555359,-0.05735686048865318,0.9971651434898376,0.0007362089971003627,0.0007224354236678998,0.0003334289772773946,0.0006758235214003564,0.0007859232661356671,0.0003172990692369841
1.9992659650000002,3.6095046997070312,-0.27823999524116516,0.36867690086364746,-0.02699108235538006,-0.04042713716626167,-0.05742120370268822,0.9971659779548645,-0.004954244309789857,-0.001208067512521449,-0.015531093225661374,-0.0060700107723983205,-0.0010125786260030967,-0.015144255489432604
2.099278483,3.6085164546966553,-0.2784932553768158,0.36557483673095703,-0.02145378291606903,-0.025836383923888206,-0.06060916557908058,0.9975964426994324,0.0005893277383535178,-0.0024894469790752716,0.0019439888162799956,0.0009877581567995218,-0.0024740696843672666,0.0017964016764667173
2.199297359,3.6096227169036865,-0.27873796224594116,0.36906617879867554,-0.020822646096348763,-0.04189188405871391,-0.06141258031129837,0.9970155954360962,0.00566612059657956,-0.001311051058063173,0.018283196943020608,0.007335779342540628,-0.0012613373607297876,0.01768316819603012
2.299315474,3.609649896621704,-0.2787555158138275,0.369232177734375,-0.0208269190043211,-0.04268014430999756,-0.061604250222444534,0.9969701766967773,-0.0004839946608363732,0.0031812187311108797,-0.0012230492129738924,-0.0009708898160625886,0.0031383598171077893,-0.0010287484861101891
2.405512158,3.609513282775879,-0.27803918719291687,0.36877724528312683,-0.025894207879900932,-0.03999283164739609,-0.05774286389350891,0.9971939325332642,-0.002396419983707432,0.0027362370714021367,0.0006269680956285661,-0.002630333528878534,0.0024038992020887348,0.0009620422003313176
2.499063753,3.6091976165771484,-0.27811360359191895,0.3692406117916107,-0.029216986149549484,-0.042563147842884064,-0.05700167641043663,0.9970383644104004,-0.0010229958501284386,-0.0012862211576389893,-0.00021797390844713327,-0.0008888676090861383,-0.0013828490953315942,-0.00021457109208835852
2.598998972,3.609346389770508,-0.27829453349113464,0.36866679787635803,-0.027385851368308067,-0.040265560150146484,-0.05704350396990776,0.9971833825111389,-0.0002627121014810996,-0.0004185266404992394,-0.002791999298717096,-0.0004463923552295699,-0.0003059761179438138,-0.0027832633295377537
2.6990458150000003,3.609144687652588,-0.2781969904899597,0.3686829209327698,-0.026568114757537842,-0.0401654914021492,-0.05632869154214859,0.9972501397132874,0.00033941005957061066,0.0010254250402998988,0.00037336918665498153,0.00025417372865045725,0.0010382311163837912,0.0004044404974672636
2.799099684,3.6094143390655518,-0.27808934450149536,0.368741512298584,-0.026017503812909126,-0.04098194092512131,-0.0562228225171566,0.9972374439239502,0.0016007494827157132,0.0004932141292874892,0.0005571845499545702,0.0015781706713957138,0.0006459965870829977,0.000456266860373441
2.8989619930000003,3.6094651222229004,-0.2780981659889221,0.368794322013855,-0.026186369359493256,-0.0411904975771904,-0.056271035224199295,0.9972217082977295,0.0008107367764296214,0.000144983903535012,0.0018613155176370189,0.0009452891627399187,0.00014802144632668874,0.0017964765401668695
2.999134283,3.60957670211792,-0.2780601978302002,0.3691146671772003,-0.029048828408122063,-0.04322487860918045,-0.0563543327152729,0.9970515966415405,0.0007056991658167533,-0.001583454016583996,0.0003851644142576216,0.0009070063692348294,-0.0015100827891556987,0.00022511991769735986
3.0993136700000004,3.6096065044403076,-0.2784154415130615,0.36887145042419434,-0.028713682666420937,-0.042587749660015106,-0.05791498348116875,0.9969993829727173,0.0018389188392156086,-0.0003545078769449095,-0.00285792931200457,0.0016077843786068838,1.4847903096031648e-05,-0.003014940665441745
3.199038798,3.60994291305542,-0.27813395857810974,0.36854374408721924,-0.02698894590139389,-0.041022833436727524,-0.05662648007273674,0.997187077999115,0.0016218436225798882,0.001399018664735463,-0.0018028883486045366,0.0012980706113857646,0.0016634279568752655,-0.0018401240387695644
3.2989867000000004,3.6099295616149902,-0.2781367301940918,0.3685121238231659,-0.026654450222849846,-0.040801506489515305,-0.05685912445187569,0.9971919655799866,-0.0005634113021635301,-0.0009559837955386286,-0.00018759088449016303,-0.00046739785001122404,-0.0010044580226642264,-0.00019781552818776954
3.3990388740000004,3.609830141067505,-0.2783253490924835,0.3685062527656555,-0.026908954605460167,-0.041029203683137894,-0.05759153887629509,0.997133731842041,-0.0011425118986814198,-0.0024222942081095766,-0.0021581667240739844,-0.0010415047150039757,-0.0024308455564727876,-0.002199268989316915
3.4991061980000002,3.609700918197632,-0.27862149477005005,0.36808016896247864,-0.026097510010004044,-0.038783200085163116,-0.05907435342669487,0.9971585273742676,-0.0008207529109292011,-0.001432197409555691,-0.0027146594271811875,-0.0008650614730378739,-0.0013897572054286072,-0.0027229476903064616
3.5990960330000004,3.609665870666504,-0.2786121070384979,0.36796292662620544,-0.02617621049284935,-0.038563769310712814,-0.05895151197910309,0.9971721768379211,-0.0001942463208308709,4.018913534098445e-05,-0.0008602024784543083,-0.00026577482202261624,5.7620272653214155e-05,-0.0008398444807539883
3.698942607,3.6096620559692383,-0.27861344814300537,0.36790817975997925,-0.026060916483402252,-0.03809981420636177,-0.05900873616337776,0.9971897006034851,-0.00020649059875310627,-5.341379333012597e-05,-0.00044575576738559164,-0.00023351508027823095,-5.651633191993389e-05,-0.000431817341427848
3.7988106440000005,3.6096246242523193,-0.2786227762699127,0.3678739070892334,-0.026163019239902496,-0.038125015795230865,-0.058956604450941086,0.9971891045570374,-0.0001819558218087991,1.7595490386490553e-05,-0.00013396598348469624,-0.00019279524127446552,2.079374800149209e-06,-0.0001191221148462349
3.8991843040000003,3.609625816345215,-0.2786098122596741,0.36788156628608704,-0.026144348084926605,-0.037953414022922516,-0.05889427661895752,0.9971998929977417,0.00013444928149297652,6.185975590478066e-05,0.00013600240737510205,0.00013669947757999413,7.092164464077931e-05,0.00012916372035987354
3.999428737,3.609651565551758,-0.27861034870147705,0.36790117621421814,-0.026070140302181244,-0.03810493275523186,-0.05885994806885719,0.9971979856491089,-0.0002228480485406692,-0.00047668496961716933,-0.0001669895781479802,-0.00017884888108038444,-0.0004914035433035925,-0.00017694905360672385
4.099593401,3.609581232070923,-0.27870526909828186,0.36784815788269043,-0.026494717225432396,-0.037852995097637177,-0.05886981263756752,0.997195839881897,-0.00021779812428945888,0.00012050998276302849,0.0004520191612065183,-0.00019403698513258417,7.162656430962322e-05,0.0004727571095956708
4.199121489,3.609607458114624,-0.2785876393318176,0.3679901957511902,-0.02608882449567318,-0.03861042484641075,-0.058322973549366,0.9972096085548401,-0.0004950720167329337,0.0017106458052937867,0.0005333429686558144,-0.0006430714230821131,0.0016127461554197925,0.0006643561380236236
4.2994367350000005,3.6094810962677,-0.27836257219314575,0.3679533302783966,-0.02455543354153633,-0.03799467161297798,-0.058262474834918976,0.9972757697105408,-0.0005796109066160682,0.0010515184943520328,-2.7271119754868067e-05,-0.0006963794208759747,0.0009758898943455686,7.126203266809205e-05
4.399367509,3.6094908714294434,-0.27837616205215454,0.36798447370529175,-0.024706721305847168,-0.03813943266868591,-0.058229200541973114,0.9972684383392334,0.00010156726579779729,-1.7703917468692154e-05,-1.2055998339421947e-05,0.00010165400555061304,-5.034231021478977e-06,-2.039129581162317e-05
4.49898823,3.609501361846924,-0.27836617827415466,0.3679511249065399,-0.024436235427856445,-0.03803493082523346,-0.05824677646160126,0.9972781538963318,1.4010678615505867e-05,-0.0002081118086174616,-7.699575611463949e-05,3.1605620269540645e-05,-0.00020138582288582117,-8.876939545215605e-05
4.5996055,3.6094934940338135,-0.2784184515476227,0.3679695725440979,-0.02484588511288166,-0.038177065551280975,-0.05824321508407593,0.997262716293335,0.0013351462818462778,0.002015867774468161,0.0033021109751987243,0.001352838469643357,0.0020083820248291253,0.003299470425385157
4.6993082070000005,3.6097662448883057,-0.2779669761657715,0.36860692501068115,-0.025769691914319992,-0.04109916090965271,-0.0560060553252697,0.9972512125968933,0.00120627989007005,0.002203130935514608,0.0029839378833595998,0.0012064187005592652,0.0021840548135989134,0.0029978727247989972
4.7992540120000005,3.6097335815429688,-0.2779797315597534,0.3685636520385742,-0.02580382488667965,-0.040895041078329086,-0.05610135570168495,0.9972534775733948,-0.0014719318210758559,-0.0022107771502255513,-0.00324991519018325,-0.0014895251425347021,-0.0022093770406097332,-0.0032428437488449054
4.899511521,3.609470844268799,-0.2784108817577362,0.3679545223712921,-0.024940231814980507,-0.03812916576862335,-0.05818476155400276,0.9972655773162842,-0.0012794414456251957,-0.0019319620761211187,-0.00277061754913821,-0.001265271946028039,-0.0019418633503435491,-0.0027702027202234285
4.999091169000001,3.609476089477539,-0.2783690094947815,0.36800551414489746,-0.024343574419617653,-0.038204412907361984,-0.05820921063423157,0.9972761273384094,6.790233261355638e-05,0.00025139510124283504,0.00029615479366329467,6.19307940977466e-05,0.00024434093631696,0.0003032819959957725
5.099345975,3.6094844341278076,-0.27836087346076965,0.3680134117603302,-0.024439841508865356,-0.03813145309686661,-0.05830006301403046,0.9972711205482483,0.0001825778459050298,-2.3733934565672854e-05,4.947934399335274e-05,0.00018742551386571662,-4.16538024137009e-06,3.464825113794123e-05
5.199258009,3.6095125675201416,-0.27837368845939636,0.36801543831825256,-0.024730267003178596,-0.03818283602595329,-0.05818865820765495,0.997268557548523,7.204858487952492e-05,6.197672427488143e-06,3.243798031915546e-05,7.320674599272701e-05,1.3190231498065664e-05,2.7357310321562215e-05
5.299434525000001,3.6094987392425537,-0.2783595621585846,0.3680199086666107,-0.024465981870889664,-0.03819366544485092,-0.0582280270755291,0.9972723126411438,-0.00023479045130514464,-5.914402980478073e-05,-0.00019692330609477615,-0.00024131746407071735,-7.764548627128639e-05,-0.00018204510640248674
5.3994416560000005,3.6094655990600586,-0.2783854603767395,0.3679760992527008,-0.024735983461141586,-0.03796793892979622,-0.05820300057530403,0.9972757697105408,0.00029129992709542307,-0.0009068794948228209,-0.00027022162387702053,0.0003708199601319602,-0.0008531239151367647,-0.0003390839634310024
5.4997002660000005,3.6095573902130127,-0.2785415053367615,0.3679658770561218,-0.02575029619038105,-0.03840811178088188,-0.05823344737291336,0.9972315430641174,0.0002829815845117878,-0.0006610304212801843,-0.00014472832282153014,0.000344174142873691,-0.0006154584700709885,-0.00020184428020737015
5.599470881,3.609522819519043,-0.27851855754852295,0.36794719099998474,-0.025608012452721596,-0.03817394748330116,-0.05821654573082924,0.997245192527771,-0.00043411906935375555,0.0008692570040480518,-9.31728126207787e-05,-0.0005365149324027353,0.0008153141678408797,-1.2759839405514827e-05
5.699503494,3.6094706058502197,-0.2783674895763397,0.3679473102092743,-0.024777529761195183,-0.03791983053088188,-0.05813099443912506,0.9972807168960571,-0.00015242883326038736,0.0006574765295528362,0.000190182705201547,-0.00021102446670653123,0.0006257053737932375,0.00023588314296963233
5.79949882,3.609492301940918,-0.2783869802951813,0.36798521876335144,-0.02481437474489212,-0.03816458210349083,-0.058199193328619,0.9972665309906006,0.00024466564144631775,-9.901239966847442e-05,0.00013453697525722674,0.00026423093733429103,-7.541647144106498e-05,0.000110721708326021
5.899310707000001,3.6095194816589355,-0.27838730812072754,0.36797428131103516,-0.02474629506468773,-0.038029711693525314,-0.058209557086229324,0.997272789478302,-5.722974155020211e-06,3.279787460375161e-05,0.00013006255256753363,8.264146133028259e-07,2.601648525340599e-05,0.0001317086941930225
5.999210936000001,3.6094911098480225,-0.278380423784256,0.3680112361907959,-0.02465062588453293,-0.03812747076153755,-0.058241818100214005,0.9972694516181946,-0.0003364327875843287,-7.207096971040272e-05,-0.00010303707326819733,-0.0003330670065987577,-0.0001066003779385777,-8.185726750344875e-05
6.099684161000001,3.60945200920105,-0.2784019112586975,0.3679530918598175,-0.02467368356883526,-0.03783930838108063,-0.05818815156817436,0.9972831010818481,2.2541596322867008e-07,-8.292759566019825e-05,-0.00014013472799878635,-1.2857938782941666e-06,-7.595908493823269e-05,-0.00014402549453162983
6.199176286,3.609490394592285,-0.27839726209640503,0.3679823577404022,-0.024687981233000755,-0.03798513114452362,-0.05819205939769745,0.9972769618034363,0.00018787163376998706,5.02126182406748e-05,0.00013045696966940135,0.0001905819411204207,6.612226981262263e-05,0.00011892202443160066
6.299574912000001,3.6094892024993896,-0.27839186787605286,0.36797887086868286,-0.02453586831688881,-0.03813433647155762,-0.05819417163729668,0.9972749352455139,-9.515085309885762e-06,-8.32760100546448e-05,-0.00010351673968900243,-8.08203713069422e-06,-7.912748323368929e-05,-0.00010683945042837267
6.399297512,3.6094884872436523,-0.2784137427806854,0.36796173453330994,-0.024864831939339638,-0.037985123693943024,-0.05818326398730278,0.9972730278968811,-1.7846384807285176e-05,-4.934231670450373e-05,-0.00023887341130723883,-3.0830075644105354e-05,-4.0261164156017724e-05,-0.0002392534417612325
6.499450865,3.609485626220703,-0.27840158343315125,0.367931067943573,-0.02453930489718914,-0.03792135417461395,-0.05832398310303688,0.9972754120826721,-0.00011570744092637142,7.198796561458387e-05,-4.988769275127147e-05,-0.00012674395945900277,5.995696913634409e-05,-3.7421805939046457e-05
6.599430417000001,3.6094653606414795,-0.2783993184566498,0.3679516613483429,-0.024867359548807144,-0.03800581023097038,-0.05815534293651581,0.997273862361908,-9.659509965942448e-05,-3.917578060463889e-05,0.00019745607474663807,-7.565343106252574e-05,-5.9170138629706406e-05,0.00020156812640285135
6.699437336000001,3.609466314315796,-0.2784094214439392,0.3679705560207367,-0.024757318198680878,-0.03808659687638283,-0.05819952115416527,0.9972708821296692,0.00014298274129131983,2.3354359940608305e-05,3.773511226157211e-05,0.00014190764328467958,3.833874552019798e-05,2.8386449269591194e-05
6.7994728040000005,3.6094939708709717,-0.2783946394920349,0.367959201335907,-0.024455325677990913,-0.03796252980828285,-0.05822771042585373,0.9972814321517944,0.00017270004288860719,2.412909587379275e-05,0.00015979121700748777,0.00018082793256783008,3.722664503125883e-05,0.00014783838073081172
6.898970455000001,3.6095008850097656,-0.27840447425842285,0.36800214648246765,-0.024781499058008194,-0.03826969489455223,-0.05820051580667496,0.9972631931304932,-0.00011566341895630217,-2.456699058384082e-05,-0.00010310299610183371,-0.00011990310589921174,-3.3379444114271786e-05,-9.550313723918688e-05
6.999670384000001,3.6094703674316406,-0.27839937806129456,0.36793726682662964,-0.02452833577990532,-0.037751704454422,-0.05825014412403107,0.9972864389419556,-9.948274941251611e-05,-5.305494705587499e-05,-0.00034892209447501266,-0.00011972857328339975,-4.8837707486296876e-05,-0.0003431300335406525
7.099619791,3.609480619430542,-0.2784149646759033,0.36793169379234314,-0.024769609794020653,-0.03798976168036461,-0.058288026601076126,0.9972690939903259,0.0004050027350928076,0.00014661042641028743,0.00010300355812087325,0.00039241527140570733,0.00018864859727179325,8.095385763131426e-05
7.199434801000001,3.609551191329956,-0.2783701717853546,0.36795780062675476,-0.024851305410265923,-0.03812841698527336,-0.058363303542137146,0.99725741147995,-0.01871893857897078,-0.0007717719669229073,-0.0037588616165507016,-0.01874536838207096,-0.0028104568916015303,-0.0024157463495761734
7.299669411000001,3.605719566345215,-0.27857038378715515,0.367176353931427,-0.024270478636026382,-0.03534702956676483,-0.056019723415374756,0.9975085258483887,-0.11663747947060799,-0.01084793054647748,-0.007181741419961529,-0.11494617215398058,-0.02368333083418216,0.00018431485839466317
7.3992890110000005,3.586336851119995,-0.2805273234844208,0.3665217459201813,-0.02480984292924404,-0.03357824310660362,-0.05697432905435562,0.9975023865699768,-0.23017035632856775,-0.008589668762594593,-0.0008323072892071348,-0.22725310633373344,-0.03503090821399131,0.013480697632777086
7.499470384,3.5596911907196045,-0.2802741527557373,0.3670165240764618,-0.02588607929646969,-0.03437954932451248,-0.0568733848631382,0.9974533915519714,-0.28238320176347287,-0.005284356375771848,0.0015217007903327584,-0.2791899036365342,-0.037856717280299775,0.019758018574085073
7.599648856000001,3.5297586917877197,-0.28158605098724365,0.3668266534805298,-0.025653544813394547,-0.035650745034217834,-0.05831461399793625,0.9973316192626953,-0.3269409073027205,-0.023395799903646708,-0.0008954578149173997,-0.3212740502614862,-0.061790925465080096,0.02008452948178893
7.699693321000001,3.4942376613616943,-0.284955769777298,0.3668369650840759,-0.02687421441078186,-0.037497956305742264,-0.058058932423591614,0.9972466230392456,-0.3325181510379984,-0.028987154043665475,0.0010544290784972876,-0.32596092786209147,-0.06797695078577609,0.02320119305368689
7.799815366000001,3.463203191757202,-0.28738757967948914,0.3670378625392914,-0.027110708877444267,-0.03736528754234314,-0.056979477405548096,0.997307538986206,-0.28947641798065504,-0.014325459554639819,0.0037259940239378064,-0.28490013860054064,-0.0478830846735983,0.023554609259392713
7.899840724000001,3.436295747756958,-0.2878248989582062,0.36758238077163696,-0.028418870642781258,-0.03911904990673065,-0.05752790346741676,0.9971722960472107,-0.25818784177839404,-0.003461725961676043,0.0032838885365513715,-0.2550323027759661,-0.033800638178440964,0.022355547684128566
7.999790915,3.4115703105926514,-0.28807997703552246,0.3676948845386505,-0.026610786095261574,-0.03881250321865082,-0.05811765044927597,0.9972000122070312,-0.24367127413658807,-0.0020824827988101813,-0.013321952312275398,-0.24212640716812286,-0.030165775896967704,0.00472545275676688
8.099315814,3.387686252593994,-0.2882407009601593,0.3649372458457947,-0.022039128467440605,-0.0257696732878685,-0.05894433706998825,0.9976851940155029,-0.23223312787051498,-0.00503175859533922,0.0014661764833707736,-0.2296456301675776,-0.032629999816760166,0.012564298844723654
8.199742242000001,3.3651490211486816,-0.2890922725200653,0.36804088950157166,-0.025991858914494514,-0.038180019706487656,-0.058782268315553665,0.9972018003463745,-0.22904934123761578,-0.00379415905587166,0.01516702782933188,-0.22516013083986328,-0.03178829618334519,0.031629966858002026
8.299414385,3.341860771179199,-0.28900694847106934,0.3679957985877991,-0.026821065694093704,-0.038349661976099014,-0.059667717665433884,0.9971206784248352,-0.2560091669939091,0.0043936148487830895,0.001055542560329803,-0.2538628980423106,-0.02668527098824794,0.02006581461826383
8.399609601,3.313957691192627,-0.2882104218006134,0.3682534396648407,-0.026272732764482498,-0.03801995515823364,-0.05779656022787094,0.9972580671310425,-0.24885962695112696,0.0019910957974993426,0.002608813975792268,-0.24649735777066056,-0.02733495020371682,0.02082636330549492
8.499564588,3.29203724861145,-0.28860557079315186,0.3685179352760315,-0.02682426944375038,-0.03820092976093292,-0.05929495766758919,0.9971485733985901,-0.22808885671359747,0.0005231403575154392,0.00039165612572045205,-0.22584898632556086,-0.026939828712032675,0.017071456644160064
8.599795491,3.2682926654815674,-0.28810322284698486,0.36833059787750244,-0.02668491005897522,-0.03774320334196091,-0.05685758218169212,0.9973117113113403,-0.25276795925110207,0.004482026408534789,-0.0033588902396524123,-0.2511758469888809,-0.02456441014452323,0.015175492479836426
8.699766798,3.241440773010254,-0.28770798444747925,0.3678462505340576,-0.02603372000157833,-0.03947795554995537,-0.05827360227704048,0.9971799850463867,-0.26284223762286985,0.005325563892038865,-0.01428600063669161,-0.26201393939024603,-0.025129234384918594,0.00597582362434013
8.799730720000001,3.2157411575317383,-0.2870384752750397,0.3654744625091553,-0.022406740114092827,-0.02806122601032257,-0.057116344571113586,0.9977214932441711,-0.2262344890799266,0.0023793756947989575,0.0017251943870923991,-0.22456929496062594,-0.023779129293346187,0.013923596682014015
8.899903723000001,3.1961758136749268,-0.2872335910797119,0.36820217967033386,-0.0275662112981081,-0.0413607656955719,-0.05783109366893768,0.9970882534980774,-0.24588562204629127,-0.00020766735238608725,-0.0009241100537766833,-0.24345533737570588,-0.02907714006051051,0.018564882531139713
8.999611528,3.166640281677246,-0.28708159923553467,0.36531588435173035,-0.022968696430325508,-0.028978239744901657,-0.05791102722287178,0.9976367950439453,-0.29287040335009706,-0.004728403296692774,-0.01616617800109954,-0.2908518056606984,-0.03823562995792621,-0.00020003244690610864
9.09983704,3.137624740600586,-0.2881854474544525,0.36498329043388367,-0.021939316764473915,-0.027869226410984993,-0.057666778564453125,0.9977056384086609,-0.26070366296014136,-0.005380770962879922,0.014745485952612825,-0.2570948757938895,-0.03625563397108196,0.02829374098361881
9.199651628,3.1144654750823975,-0.28816258907318115,0.3682507574558258,-0.02605474926531315,-0.04156806692481041,-0.05800437182188034,0.9971101880073547,-0.22731357704462596,-0.00024189195284085585,0.01879930378835315,-0.22335576467493926,-0.02791261143522945,0.03685136568440589
9.299584504,3.0922205448150635,-0.2882338762283325,0.36873510479927063,-0.02728467807173729,-0.04058303311467171,-0.05721347779035568,0.9971635937690735,-0.22508035770479573,-0.001591815119248885,0.00198676884827087,-0.2225202945661466,-0.027858573935507166,0.01939760074917407
9.39930973,3.0695273876190186,-0.2884800434112549,0.36864861845970154,-0.027165308594703674,-0.04041123762726784,-0.057728055864572525,0.9971441626548767,-0.2549011427746777,-0.00016898527983189027,-0.012086626695561486,-0.2533625765104538,-0.029474703470446076,0.007704178609883625
9.499671451000001,3.0411832332611084,-0.28826475143432617,0.36630240082740784,-0.023063549771904945,-0.02868790738284588,-0.05910620465874672,0.9975728392601013,-0.26244006058147207,0.00231175467546918,-0.014201456122792777,-0.26129551178219557,-0.02839719163874361,0.00025689143009771306
9.599333818,3.017005205154419,-0.2880178689956665,0.36579519510269165,-0.022151920944452286,-0.027709703892469406,-0.05773569270968437,0.9977014660835266,-0.2340319917491005,1.996735446385678e-05,0.013349612249123899,-0.23134235204474082,-0.027776737356663257,0.0256584239612332
9.699552051000001,2.9944143295288086,-0.2882634997367859,0.36899128556251526,-0.026381827890872955,-0.04116765409708023,-0.058484118431806564,0.9970901012420654,-0.24780112997667025,-0.0032643693410128183,0.005604208029927449,-0.24441503979111812,-0.03294413228653036,0.024968695287211254
9.799809157,2.967325448989868,-0.2886723577976227,0.3669166564941406,-0.023159842938184738,-0.029285365715622902,-0.058597132563591,0.997583270072937,-0.21902367584474192,-0.004345386027803322,0.0018427856912948126,-0.21652909902471706,-0.030293098159839254,0.013824843536180223
9.899654751,2.950545072555542,-0.2891328036785126,0.36934152245521545,-0.026594754308462143,-0.04012996703386307,-0.059462446719408035,0.9970689415931702,-0.22877755105831277,-0.00023299023347678194,-0.002108788761886915,-0.22657117732447538,-0.027745165480318534,0.015471798247163443
9.999500893,2.921640396118164,-0.2887188792228699,0.3664955198764801,-0.021939365193247795,-0.028635142371058464,-0.05812646821141243,0.9976571798324585,-0.2545852822010577,0.0011416367737095978,0.0067222898829213396,-0.2521771913670551,-0.028985905566754597,0.020655262329105153
10.099467023,2.899684190750122,-0.28890541195869446,0.370693176984787,-0.028681810945272446,-0.04754248261451721,-0.05759767070412636,0.9967946410179138,-0.25868248647637593,0.0011565356865714804,0.0009614541648239605,-0.25583208168514754,-0.029311733439951495,0.02469127461057891
10.199657443000001,2.8698458671569824,-0.2884860336780548,0.36666953563690186,-0.022198934108018875,-0.02866974286735058,-0.05952801555395126,0.9975678324699402,-0.22968842178750926,-0.0030970273691073302,-0.0009244790622713328,-0.2273744368327379,-0.030605885809518677,0.011461351233966102
10.299823605,2.853661298751831,-0.28952556848526,0.37050604820251465,-0.02468002215027809,-0.04593276232481003,-0.06125542148947716,0.9967592358589172,-0.23056781951577854,-0.0013519046107191013,0.0011386387271665743,-0.22759489532752586,-0.030067991767688065,0.021473775457494917
10.399685101000001,2.823767900466919,-0.2887619435787201,0.3669199049472809,-0.02326095849275589,-0.030070127919316292,-0.05801085755228996,0.9975918531417847,-0.24452119208306478,0.005680881401757043,-0.01807036457582223,-0.24421571767411376,-0.022231415243299947,-0.003724417313425545
10.499394404,2.8048453330993652,-0.28839123249053955,0.36689430475234985,-0.02139532007277012,-0.029097905382514,-0.05928267166018486,0.9975876808166504,-0.2546847021560428,-0.006959850146592839,0.022974402212511347,-0.250256670310761,-0.03824705986420289,0.03673311258405269
10.599549234000001,2.7728075981140137,-0.29016250371932983,0.3715324103832245,-0.028725918382406235,-0.049343209713697433,-0.05646909400820732,0.9967705011367798,-0.30029244485690576,-0.008713076053140423,0.0026554895508876797,-0.29568905948151714,-0.04343664034080005,0.030655507434069272
10.699509986,2.7447445392608643,-0.2901383340358734,0.36744263768196106,-0.02151658572256565,-0.03054281324148178,-0.059042323380708694,0.9975560903549194,-0.25331559741233,-0.0019572105492560166,-0.008900059826524753,-0.2514138362737882,-0.031764316210703566,0.005826214566828776
10.799229206000001,2.722212314605713,-0.2905522584915161,0.3697398006916046,-0.0251543540507555,-0.04112079367041588,-0.05925752595067024,0.9970781803131104,-0.21172408624207506,0.00029174825522049197,-0.000551842531914648,-0.20960191940497805,-0.02514285368401862,0.01619724151327025
10.899704291,2.7023801803588867,-0.2900731861591339,0.36729636788368225,-0.022281929850578308,-0.02903325855731964,-0.05895485356450081,0.9975895881652832,-0.24360967584511428,0.011104217369508618,-0.013889347374286487,-0.2436383929294174,-0.01738397187525209,0.0001509696850262674
10.999660780000001,2.6734330654144287,-0.2883331775665283,0.36694514751434326,-0.020985804498195648,-0.02789192833006382,-0.057766061276197433,0.9977197051048279,-0.26838930911426573,0.0008746051840575753,0.015199666773150433,-0.2653975065411977,-0.03097060092019965,0.02948900560263666
11.099496678000001,2.6487529277801514,-0.2898944616317749,0.3703286349773407,-0.023285608738660812,-0.043028246611356735,-0.060793567448854446,0.9969505071640015,-0.20760136938256402,-0.0066146575843373245,0.021530125161639102,-0.2026014559648041,-0.03302627239503071,0.03830853594932122
11.199565109,2.631951093673706,-0.2896512746810913,0.37124335765838623,-0.028246117755770683,-0.04633596912026405,-0.05663115531206131,0.9969192743301392,-0.2553621706609164,-0.0024222891376868283,0.006061679821778965,-0.2517811185449094,-0.03221470533448925,0.028651889223393272
11.299658527,2.597634792327881,-0.2903795540332794,0.3715417981147766,-0.02791309356689453,-0.04790996387600899,-0.058489855378866196,0.9967468976974487,-0.25793344324248935,-0.005163701922359376,0.0015428368897945077,-0.25424386352228107,-0.03596223052931196,0.025009621003891987
11.399268822000002,2.5803589820861816,-0.2906845211982727,0.37155285477638245,-0.0281709972769022,-0.04747643694281578,-0.05969236046075821,0.9966891407966614,-0.2209957383321992,0.0050159354412977475,-0.023601763013722632,-0.2213210286934462,-0.02072348414427083,-0.0029763483831654475
11.499526189000001,2.55340313911438,-0.28936654329299927,0.36679378151893616,-0.021852776408195496,-0.027340786531567574,-0.057166002690792084,0.9977509379386902,-0.24087332518135973,0.00145132055184094,-0.0004064934388423591,-0.23912590391329644,-0.026308519692233447,0.012202221987710357
11.599444293000001,2.53212308883667,-0.2903860807418823,0.3714396059513092,-0.029394378885626793,-0.04751851037144661,-0.05940112844109535,0.9966692328453064,-0.27821563554564577,0.0023630599463908553,-0.00023188275783114776,-0.2752918189143826,-0.031365184088657204,0.02530251667100736
11.699638172,2.497692823410034,-0.2888867259025574,0.36672157049179077,-0.020626207813620567,-0.026617247611284256,-0.05661660432815552,0.99782794713974,-0.293494351939108,-0.0003419241061204392,-0.003935360493878104,-0.2913769019466324,-0.03367269967282015,0.010963069971259586
11.799590047,2.4733572006225586,-0.2904471158981323,0.3706310987472534,-0.02330339141190052,-0.042721956968307495,-0.06133481487631798,0.9969301819801331,-0.24938927205654515,-0.012133169384553,0.024854151206997965,-0.2429547247425394,-0.04404841057125285,0.044639566528488314
11.899420341,2.4478707313537598,-0.2913115620613098,0.37169045209884644,-0.028720011934638023,-0.04744355380535126,-0.0583161860704422,0.9967564940452576,-0.23635466097158364,-0.006592396088096475,0.0013047941692423404,-0.2328068599140718,-0.03472546238972652,0.022445404335144598
11.999399393000001,2.4261369705200195,-0.2917637228965759,0.3708890378475189,-0.023346981033682823,-0.04389044642448425,-0.06156259775161743,0.996864378452301,-0.2524332142562482,-0.003424828189365181,-0.004231003940207145,-0.2495162914767085,-0.03472182874672251,0.016975670779181454
12.099528502,2.397346258163452,-0.291996568441391,0.37084493041038513,-0.024412881582975388,-0.043552979826927185,-0.061936914920806885,0.996830403804779,-0.27117340797726897,-0.0004928630553242552,0.0003842968183247475,-0.2679697678893099,-0.034566598885661,0.023081627561103185
12.199477221,2.371875286102295,-0.29186299443244934,0.3709656298160553,-0.023625468835234642,-0.04273591935634613,-0.06037938594818115,0.9969803690910339,-0.24791485071042274,0.0057386697846493195,0.0018206377787663985,-0.24572063263486738,-0.02473405782396403,0.02253036477004475
12.299672050000002,2.347731113433838,-0.2908458411693573,0.37120962142944336,-0.024600228294730186,-0.04291212931275368,-0.06200369819998741,0.9968494772911072,-0.23021044353725095,0.008351108856540224,5.7803352879082226e-05,-0.2286021152955623,-0.02066963806808645,0.019504656328886243
12.399763194,2.3257651329040527,-0.2901900112628937,0.3709776997566223,-0.02392597869038582,-0.04336298257112503,-0.062078576534986496,0.9968417882919312,-0.2349328654192142,0.0019569792421472165,0.0010279526555623253,-0.23238483219061135,-0.02766780328083404,0.02073933793189556
12.499561425000001,2.3007795810699463,-0.2904519736766815,0.37141314148902893,-0.024741528555750847,-0.044175371527671814,-0.061558160930871964,0.9968184232711792,-0.2663461729131882,-0.0006265948238100005,0.0011016000230201772,-0.26311215300496626,-0.033938872264094117,0.023707337676732436
12.599320049000001,2.2726151943206787,-0.2903152108192444,0.37119778990745544,-0.02571950852870941,-0.04398595169186592,-0.061760347336530685,0.9967895150184631,-0.2516853734179332,-0.003030421756357704,0.00045226844981138825,-0.2483840847755876,-0.034582034108706465,0.02154865523401732
12.699441538,2.250494956970215,-0.2910608947277069,0.3715054392814636,-0.024237370118498802,-0.04437420517206192,-0.06162664294242859,0.9968177080154419,-0.23732658291165976,-0.008533347497372779,0.0018000992089683976,-0.23339461324875874,-0.038204335444475476,0.02161824675838188
12.799560527,2.225092887878418,-0.2920239269733429,0.3715582489967346,-0.024039916694164276,-0.04475966468453407,-0.06228869408369064,0.996764063835144,-0.2583548179607007,-0.0066401743439188365,1.4500509824877383e-05,-0.25450326868122247,-0.03921860144877911,0.021938359557281135
12.899485652000001,2.1988143920898438,-0.292390376329422,0.37150853872299194,-0.025129409506917,-0.04430365934967995,-0.061020735651254654,0.9968360662460327,-0.2379264115659332,0.0003413596585521983,0.001450406338574739,-0.23512875844209502,-0.029201234523627904,0.021747468390143816
12.999342616000002,2.177556037902832,-0.2919562757015228,0.3718477487564087,-0.024504827335476875,-0.0452292338013649,-0.06213793903589249,0.996740996837616,-0.23131849052542464,0.001498575903584376,0.0008049779271566138,-0.22869305973750456,-0.02771597482146983,0.021034422876722768
13.099365399000002,2.1525723934173584,-0.2920917868614197,0.37166857719421387,-0.024201368913054466,-0.04382884129881859,-0.061015475541353226,0.9968804121017456,-0.2521438349645688,-0.005314106287076514,-0.0002732399587324075,-0.24868720351495452,-0.03646485834957701,0.020732023774875027
13.199787491,2.1270132064819336,-0.29302462935447693,0.371794193983078,-0.022437240928411484,-0.04358397796750069,-0.062412045896053314,0.9968459010124207,-0.2515656138662088,-0.01192974446626427,0.0006034545302484595,-0.24713483919060958,-0.04364292512982391,0.021156733789199092
13.29933207,2.102262496948242,-0.29447272419929504,0.3717903792858124,-0.023276105523109436,-0.04275749251246452,-0.06159405782818794,0.9969133138656616,-0.2549564740267005,-0.005530403159224706,-0.00013284254086776137,-0.25143326427723034,-0.037295125492311045,0.02058625472933528
13.399575982,2.0760669708251953,-0.29411688446998596,0.371767520904541,-0.021907323971390724,-0.04213986545801163,-0.061947137117385864,0.996948778629303,-0.2602767742139136,0.0019261661576763789,-0.00036999659205982915,-0.2576212434701569,-0.030705205469779746,0.020888548984896536
13.499634724000002,2.0501279830932617,-0.2940863072872162,0.37171632051467896,-0.023674074560403824,-0.043173179030418396,-0.06136707589030266,0.9969000816345215,-0.24204888617918918,0.0009513459344938635,0.0006398954342679009,-0.23938100802155318,-0.029194059293451816,0.020818686951762092
13.599665230000001,2.027634620666504,-0.29392656683921814,0.3718954920768738,-0.023495450615882874,-0.04452544078230858,-0.062381189316511154,0.9967818260192871,-0.24636083376184637,0.00040472911009703516,0.00034784992980418927,-0.24348421158162317,-0.030766335836284086,0.02151317054138375
13.699438203000001,2.000915288925171,-0.2940048277378082,0.37178656458854675,-0.023779520764946938,-0.044329915195703506,-0.06180306896567345,0.9968198537826538,-0.24798884900201124,-0.003295328828522459,0.0003083809681330152,-0.24469249635603557,-0.034357651687525644,0.021320354542598653
13.799356693,1.978119134902954,-0.29458534717559814,0.3719574809074402,-0.02389010414481163,-0.04513894394040108,-0.06226305663585663,0.9967522621154785,-0.2469076094365672,-0.0006393541478113551,-0.0006778082386880158,-0.24397211138411382,-0.03178430189683395,0.020775052710490325
13.899667972000001,1.9514622688293457,-0.29412877559661865,0.37164896726608276,-0.023200349882245064,-0.04491504281759262,-0.0614657998085022,0.9968281388282776,-0.2712028305056844,0.006141092960314953,-0.0158993515993473,-0.2702681667176795,-0.027063168316772097,0.008011283170911182
13.999571394,1.9238247871398926,-0.29335710406303406,0.368784636259079,-0.021884841844439507,-0.030291015282273293,-0.05770818889141083,0.9976338148117065,-0.25479326777585776,-0.0002592087127657461,-0.015868392845834745,-0.2535982996482184,-0.02929534631244768,-0.0010805019817941679
14.099346459000001,1.9005799293518066,-0.29417848587036133,0.36847710609436035,-0.020957430824637413,-0.02819741703569889,-0.05747687444090843,0.9977285265922546,-0.24327558838649743,-0.004325693270366804,0.0003950710390989709,-0.24076717465503913,-0.032497994139461694,0.013301413223155955
14.199436068,1.875196099281311,-0.2942191958427429,0.3688657879829407,-0.02180248498916626,-0.0298925694078207,-0.05654848739504814,0.9977141618728638,-0.24576760786979612,0.005064595485471335,0.0025922574386625374,-0.2441604549734408,-0.023129003638383223,0.016876268010424456
14.299898714000001,1.8512965440750122,-0.2931586802005768,0.3689960241317749,-0.019681500270962715,-0.02931022457778454,-0.05801583454012871,0.99769127368927,-0.23502272526678958,0.0008049746801150892,0.003329276454857144,-0.23292676030661758,-0.026798763057461587,0.016563939429704033
14.399477609000002,1.828176736831665,-0.2940410077571869,0.369528204202652,-0.020090466365218163,-0.03041554056107998,-0.05589725077152252,0.9977709054946899,-0.24964142549548818,-0.005256615645649276,0.001661058983352337,-0.24693504977502823,-0.033431890169888005,0.01601943696527794
14.499510847000002,1.801449179649353,-0.2942046821117401,0.3693242371082306,-0.021011419594287872,-0.03009140118956566,-0.05569422245025635,0.9977731108665466,-0.25143439707309767,-0.002484429317715753,-0.0030150384251526052,-0.24933435846057692,-0.030612974245470114,0.011390451095137961
14.599656225,1.777848482131958,-0.2945385277271271,0.36892443895339966,-0.021334446966648102,-0.029697971418499947,-0.05645417794585228,0.9977352619171143,-0.2435343590272776,-0.004470750095015852,-0.0015095410817511645,-0.24114757197952313,-0.03212237641639305,0.01213473564857527
14.699707417,1.752695918083191,-0.29509949684143066,0.36902156472206116,-0.02169008180499077,-0.028418900445103645,-0.05679209157824516,0.99774569272995,-0.25713637373135434,-0.002155502076475413,-0.0017674609992424095,-0.25492528894762634,-0.03152656391393048,0.012085430321107468
14.799662707000001,1.7264206409454346,-0.29497030377388,0.3685714602470398,-0.021296584978699684,-0.02684105560183525,-0.056390829384326935,0.9978207349777222,-0.25558507233061967,0.0027164381210049715,-0.0014793947717111067,-0.25397670937746036,-0.02629958880215692,0.011724315154345234
14.899732811000002,1.7015740871429443,-0.29455581307411194,0.36872634291648865,-0.02191171608865261,-0.028448142111301422,-0.057174619287252426,0.9977182149887085,-0.24010371828583743,0.002787855394161376,-0.000829279620403911,-0.23850905926650265,-0.024891852739017506,0.012332059523832779
14.999417417,1.678452491760254,-0.29441237449645996,0.36840763688087463,-0.02123369462788105,-0.027532102540135384,-0.05726535990834236,0.9977534413337708,-0.2512169412397558,0.0016876257411437834,-0.0009455892593348558,-0.24943357432083268,-0.027289021804969213,0.01232457204165721
15.099650733,1.6513301134109497,-0.29421815276145935,0.3685397803783417,-0.022059617564082146,-0.028514424338936806,-0.05699145421385765,0.9977235198020935,-0.2605485848199862,0.006587064112459018,2.8238411957648424e-06,-0.25917300693052114,-0.023420510909393143,0.014484012587274313
15.199611476000001,1.6262867450714111,-0.2930962145328522,0.3684089183807373,-0.02053728885948658,-0.027294835075736046,-0.05659916251897812,0.9978123903274536,-0.24246127650027205,0.006364799277337241,0.00015392175430517518,-0.24124960332632825,-0.021345184405063784,0.013077345353384694
15.299256833000001,1.6029282808303833,-0.29294463992118835,0.36856958270072937,-0.02079171873629093,-0.02717617154121399,-0.057580865919589996,0.9977542757987976,-0.24168155807465208,-0.0034879591319156855,0.001632510096997608,-0.23923267937213663,-0.03156752031908603,0.014000830077060045
15.399423507000002,1.5779882669448853,-0.29379838705062866,0.368735134601593,-0.02129160426557064,-0.028318418189883232,-0.057933509349823,0.9976916313171387,-0.2560577257156291,-0.0052292736574024445,0.0012328551624256612,-0.25325733414346563,-0.03514669497742143,0.014827564473134602
15.499337543000001,1.5516996383666992,-0.2939925789833069,0.36881646513938904,-0.019331447780132294,-0.028332553803920746,-0.054911211133003235,0.9979019165039062,-0.24964965717611065,-0.0004055274799497077,0.002971302595323966,-0.24752502240791205,-0.028141251519729148,0.01653413634471193
15.599586934000001,1.5280265808105469,-0.2938785254955292,0.36933133006095886,-0.018091263249516487,-0.028380708768963814,-0.055978406220674515,0.9978645443916321,-0.2523819244335952,-0.004974910970965807,0.003795494014757761,-0.24962029386227572,-0.03352015763205287,0.017375247314024435
15.699579092,1.5011706352233887,-0.2949856221675873,0.36957716941833496,-0.018961042165756226,-0.028487252071499825,-0.054477110505104065,0.9979283809661865,-0.25744514593195955,-0.009628403377431871,-0.0025401821046833195,-0.25461242450272253,-0.037745833472865996,0.01117708302445361
15.799876238000001,1.476469874382019,-0.2958061099052429,0.3688195049762726,-0.021698933094739914,-0.02812856063246727,-0.055951252579689026,0.9978012442588806,-0.2390035240304771,-0.006847882763987956,-0.007254768501811171,-0.23679749540615652,-0.0334852907339408,0.005281206035155507
15.899839427000002,1.4533028602600098,-0.2963578701019287,0.3681241273880005,-0.02073090709745884,-0.02645746059715748,-0.05691751837730408,0.9978128671646118,-0.2405529550154979,-0.004205367308284247,-0.00030893801832365675,-0.23820157217275106,-0.03175000141219249,0.011638434101731493
16.000042113,1.4283151626586914,-0.29664725065231323,0.3687608540058136,-0.02250729873776436,-0.02877637930214405,-0.05690464749932289,0.9977109432220459,-0.24411914410778035,-0.0009631786070167792,0.001413784655780237,-0.24194093766687333,-0.029050484418659053,0.014755848193598486
16.099715143,1.4045038223266602,-0.2965524196624756,0.36841192841529846,-0.023235611617565155,-0.02875826135277748,-0.057921212166547775,0.9976363182067871,-0.2442231985279335,0.002460468566914953,-0.0019099057301306122,-0.24257635942092154,-0.026027436645637742,0.011573881649230499
16.199627714000002,1.379569172859192,-0.2961554527282715,0.36838042736053467,-0.02292497083544731,-0.0286942757666111,-0.05740934982895851,0.9976750016212463,-0.2622947272744458,0.0018240175760695365,-0.0014144692431015127,-0.26042509482256365,-0.028521277914695737,0.013006091346165387
16.299432655,1.3521217107772827,-0.2961876690387726,0.3681296706199646,-0.02219260483980179,-0.02825506031513214,-0.0565844401717186,0.9977511763572693,-0.26399520828672696,0.004168171542624943,-0.0007800456637310216,-0.26239452858363715,-0.025970507426358574,0.013641709459846895
16.399498978,1.3268098831176758,-0.2953200042247772,0.36822542548179626,-0.020351592451334,-0.026359179988503456,-0.05712708458304405,0.9978113770484924,-0.2430823309535235,0.0024663147631132087,0.004500688968650524,-0.24118924951892576,-0.02569425012981603,0.01681992741558183
16.499388668,1.303512454032898,-0.2956923246383667,0.36902835965156555,-0.021216996014118195,-0.02708194963634014,-0.05628236010670662,0.9978220462799072,-0.2444640223499306,-0.007221052713983767,0.005655373524685592,-0.2414347242864271,-0.035130044759732394,0.017942656977865547
16.599694895000003,1.2778598070144653,-0.29676854610443115,0.36935561895370483,-0.02274017035961151,-0.02809019759297371,-0.05821751058101654,0.9976494908332825,-0.23865478346210267,-0.003495121387672162,0.00408523906593361,-0.23601910241536586,-0.031667168888047055,0.016648856739862092
16.699691395000002,1.2556986808776855,-0.2963968813419342,0.3698461353778839,-0.022746078670024872,-0.027659308165311813,-0.057595279067754745,0.9976975321769714,-0.24700287589073966,0.0035203039602300645,0.004170146214607984,-0.24514527985886286,-0.025380367119338852,0.017315660123920683
16.799187435,1.2286099195480347,-0.2960660755634308,0.37018826603889465,-0.022083012387156487,-0.028161117807030678,-0.05785965919494629,0.997683048248291,-0.2596249436613407,-0.005856730655165121,0.0013043408871815654,-0.25672933079548604,-0.036161955217630846,0.014949169689698887
16.899186057,1.2039176225662231,-0.297574520111084,0.37010419368743896,-0.023656519129872322,-0.02816835790872574,-0.05819438770413399,0.9976274371147156,-0.24238796376752347,-0.01222868438569158,-0.002303084994053517,-0.23909375443971237,-0.04049835166695001,0.010041414334820451
16.999449404,1.180071234703064,-0.2985135018825531,0.3697262704372406,-0.02507154457271099,-0.02668740041553974,-0.05982371047139168,0.9975371360778809,-0.24356295693737184,0.00030470905646606816,-0.005011867366949918,-0.24179049705349862,-0.02885900719797376,0.007255266525664323
17.099455655,1.1551423072814941,-0.29751846194267273,0.3691011071205139,-0.02212509512901306,-0.027552850544452667,-0.05776643007993698,0.9977045655250549,-0.24948950110863066,-0.001838053211851376,-0.003950881882930801,-0.24746331171360222,-0.030724390030813876,0.009050982469702082
17.199210967000003,1.1302329301834106,-0.29887476563453674,0.36893588304519653,-0.02148853987455368,-0.026130661368370056,-0.05764558166265488,0.9977637529373169,-0.24831160668983987,-0.005230329127462463,0.0015148568973479826,-0.24564368862922975,-0.034094103410407695,0.013604245673950906
17.299238479,1.1055346727371216,-0.2985588312149048,0.36940547823905945,-0.022676169872283936,-0.027514152228832245,-0.057228781282901764,0.9977242350578308,-0.2391317531493966,0.004841980586707706,-0.0012100030444144316,-0.23781978873757492,-0.022750318640969807,0.011535828285089714
17.399799369,1.0822741985321045,-0.2979017198085785,0.36868685483932495,-0.022169487550854683,-0.02693794295191765,-0.05682206526398659,0.9977745413780212,-0.24151076332239807,0.0057771498769174645,-0.0029355259895116337,-0.24041407877152318,-0.02181861586246234,0.009719069111236952
17.499416188,1.057208776473999,-0.29740095138549805,0.36880993843078613,-0.022496743127703667,-0.027431240305304527,-0.05729876086115837,0.9977266192436218,-0.2521528527888677,0.003028408422709239,-0.0005742834473880798,-0.2504931032556352,-0.026112177673307726,0.012724842912050508
17.599563432,1.031902551651001,-0.2972988784313202,0.3685702085494995,-0.021960558369755745,-0.02654913254082203,-0.05660798028111458,0.9978017210960388,-0.25693450686475927,-0.0015428251746645305,0.0004942806600647387,-0.25472572212017264,-0.03087637329946744,0.013394831202969127
17.699558737,1.0057865381240845,-0.2977089583873749,0.36890798807144165,-0.023275678977370262,-0.028500499203801155,-0.05662569776177406,0.9977171421051025,-0.2560243354974885,-0.0004095059369650933,0.001807109744762947,-0.25381327747908533,-0.029753133093268925,0.015667321217477083
17.799391583000002,0.9807400107383728,-0.2973819077014923,0.3689318299293518,-0.023804986849427223,-0.028450366109609604,-0.05710965394973755,0.9976785778999329,-0.24186943109858738,0.002005888121347388,-0.0004929838441201095,-0.24015535017850528,-0.02587729515465523,0.01268312644021944
17.899379269,0.9574588537216187,-0.2973085343837738,0.3688092529773712,-0.022803813219070435,-0.027148552238941193,-0.05758150294423103,0.9977110624313354,-0.24863227051954073,-0.001527882652970769,-0.0016807913234966332,-0.24653882607992433,-0.03032048561364403,0.01106529782075952
17.999203424,0.9310654997825623,-0.29768645763397217,0.3685961365699768,-0.022402020171284676,-0.02673630602657795,-0.056302763521671295,0.9978042244911194,-0.25437941677059683,0.0006395581073874723,0.00026041846557478543,-0.25245951638004444,-0.028262349203109716,0.013221071650002523
18.099577422,0.9065436124801636,-0.2971756160259247,0.3688640296459198,-0.02206553891301155,-0.026716366410255432,-0.05752148851752281,0.997742772102356,-0.24701560159489677,-0.0026845186734261173,0.00340954394297599,-0.24453297018527148,-0.031448289849544904,0.015816782846203817
18.199758581,0.8815262913703918,-0.2982218563556671,0.3692796528339386,-0.022258859127759933,-0.02746482752263546,-0.0564061664044857,0.9977818131446838,-0.24492296331180885,-0.009514729843505432,0.002626117576919329,-0.2417850525517588,-0.037421771734260124,0.014976110902785653
18.299543154000002,0.8575636148452759,-0.29907897114753723,0.3693903684616089,-0.021389853209257126,-0.027215322479605675,-0.05660465732216835,0.9977964162826538,-0.2443732183707148,-0.010190986134623659,-0.001015578400638928,-0.24136353918398928,-0.03796501107569694,0.0112007741404812
18.399414011,0.8327351212501526,-0.3002568185329437,0.36907652020454407,-0.021915115416049957,-0.02813890017569065,-0.05702301487326622,0.9977355003356934,-0.23994769746333677,-0.006889315473809221,-0.0035956626308679684,-0.2374427389275807,-0.03429124680501824,0.00896354274468401
18.499808089000002,0.8095195889472961,-0.3004535138607025,0.3686698079109192,-0.02090202271938324,-0.026324208825826645,-0.05642300844192505,0.9978408813476562,-0.24241748009306274,0.005332763093066628,-0.00041186897785072674,-0.24115522972544334,-0.022253451126041712,0.01199090246735776
18.599723101000002,0.784187376499176,-0.2991955876350403,0.36899054050445557,-0.022867027670145035,-0.02844666875898838,-0.05603260546922684,0.997761607170105,-0.24879449898538875,0.010768571026863016,0.0001959830162459042,-0.2480080306065479,-0.017461104377942335,0.014206683119505695
18.699745884000002,0.7597771883010864,-0.2983008623123169,0.3687083423137665,-0.023484205827116966,-0.02865777723491192,-0.056848783046007156,0.9976950287818909,-0.24155777347629215,0.005747260052225478,-0.0015414835612383992,-0.2403361514740105,-0.021955382695216324,0.011918916136513148
18.799536117000002,0.7359198331832886,-0.29804572463035583,0.368681937456131,-0.0214664489030838,-0.02748475968837738,-0.05540480092167854,0.9978546500205994,-0.2508110896528608,-0.002094650308062773,0.0011968174235015283,-0.24859470032589334,-0.03015610278332931,0.014258578453486126
18.899385239,0.7097040414810181,-0.298719584941864,0.36894744634628296,-0.022926636040210724,-0.028493069112300873,-0.05573345720767975,0.9977756142616272,-0.2512833476500904,-0.0023620163442727993,0.0010304369460640839,-0.24899341585898307,-0.03066451052146155,0.014557760167736031
18.999763769,0.6856179237365723,-0.2985140085220337,0.3688865303993225,-0.023192008957266808,-0.028644533827900887,-0.05654158070683479,0.9977197051048279,-0.24209866155523185,-0.0002680944226107762,-0.0006301374674715365,-0.24016119687449244,-0.027875490819510875,0.012561345551520463
19.099667095,0.6612181067466736,-0.29877108335494995,0.36882126331329346,-0.023394165560603142,-0.028203481808304787,-0.05624184384942055,0.9977445602416992,-0.25140136327281715,-0.0018873565666368552,-8.872498816314689e-05,-0.24920687736130565,-0.03041600768268521,0.013304668159639798
19.199651955,0.6353645920753479,-0.29889115691185,0.368868887424469,-0.022609738633036613,-0.028076134622097015,-0.05655888468027115,0.9977481961250305,-0.257701735622224,-0.0014574781170231255,-0.0003119797192592255,-0.2555023623215666,-0.030845762069235453,0.013397310438310887
19.299584042000003,0.6096990704536438,-0.29906243085861206,0.3687589764595032,-0.023793412372469902,-0.029521258547902107,-0.055190179497003555,0.9977557063102722,-0.25575706346896565,0.0014767377899802536,-0.0021309214946896304,-0.25404491864541995,-0.02696618912527265,0.012345082004078257
19.399525651,0.584245502948761,-0.29859593510627747,0.36844295263290405,-0.022247280925512314,-0.028443122282624245,-0.05708123743534088,0.9977163076400757,-0.24587970407746074,0.00013949888810627087,-0.0007579894371843032,-0.24394023999628622,-0.028147667039473023,0.012581376551696048
19.499649626,0.5605102181434631,-0.2990361750125885,0.3686082065105438,-0.0227227620780468,-0.02991565316915512,-0.05648684501647949,0.9976962208747864,-0.24527920824908644,-0.005484922428855121,-0.001502799471485572,-0.24275772594728795,-0.03336092747892672,0.01224613368569838
19.599713979,0.5351444482803345,-0.2996938228607178,0.3681424856185913,-0.022203795611858368,-0.029102077707648277,-0.056281477212905884,0.9977437257766724,-0.24565014272439045,-0.00877217434011035,-0.004302767962009124,-0.24296457118068523,-0.03643758359043969,0.008942993256009762
19.699853101000002,0.5113313794136047,-0.30079272389411926,0.36774682998657227,-0.022209584712982178,-0.0297540295869112,-0.056892551481723785,0.9976897239685059,-0.24036624107385407,-0.006571309585632346,-0.000984961776147486,-0.23770829312022793,-0.03408655969527299,0.012367535621667158
19.799800212,0.48705145716667175,-0.3010103404521942,0.36794427037239075,-0.021390192210674286,-0.02988419495522976,-0.05567030981183052,0.9977726340293884,-0.25448333708845317,-0.0020217680201177757,0.0019507461776657742,-0.25210841776478754,-0.03068073038567563,0.016422554228528508
19.899648385000003,0.46048909425735474,-0.3011966943740845,0.36813658475875854,-0.02182234823703766,-0.029797011986374855,-0.056912750005722046,0.9976957440376282,-0.256716041721901,-0.0019172613352465007,0.00045200943107892577,-0.2543539121198054,-0.03140852022735929,0.014986611604765082
19.999481972,0.43578967452049255,-0.30139318108558655,0.36803457140922546,-0.022425640374422073,-0.030601972714066505,-0.05626066401600838,0.9976949095726013,-0.24048900286945996,-0.0003382379521008616,-0.00382550402252102,-0.23872189665726032,-0.027505597878160887,0.010247318127730071
20.099855582,0.4123489558696747,-0.30126264691352844,0.3673676550388336,-0.021847231313586235,-0.02943318523466587,-0.05582283064723015,0.9977676868438721,-0.24164843447664386,0.0005475166576167645,-0.0019238452973140419,-0.2399016813656364,-0.0266084120193848,0.011710786821496672
20.199699924,0.38741588592529297,-0.30128276348114014,0.36764439940452576,-0.02103048376739025,-0.029003482311964035,-0.055722106248140335,0.9978033900260925,-0.24039983245255958,-0.0015193115691487513,0.003076029422945048,-0.23815018081094821,-0.028653273259474046,0.01635026052099071
20.299651414,0.3643200695514679,-0.301566481590271,0.36798229813575745,-0.02161693386733532,-0.03026699274778366,-0.05561918765306473,0.9977589845657349,-0.251706557199862,-0.0037134970542977985,-0.00027601309644476046,-0.2492981153848289,-0.031942132015313776,0.014149454014127049
20.399664169,0.33708104491233826,-0.3020254373550415,0.36758875846862793,-0.020909922197461128,-0.029458018019795418,-0.05609168857336044,0.9977717995643616,-0.25457734926060827,-0.0007919263294684509,-0.0006918208357971078,-0.25248819925343297,-0.02956900628712771,0.013642420052483393
20.499673443000002,0.3133988678455353,-0.301724910736084,0.367843896150589,-0.02119026891887188,-0.0296060498803854,-0.055221449583768845,0.9978101849555969,-0.24044739665474535,-0.00015134513361836355,-0.00022931850287322142,-0.23855703605585654,-0.02694058518373245,0.013407888296539563
20.599785230000002,0.2889617085456848,-0.30205637216567993,0.3675422966480255,-0.021103419363498688,-0.030070792883634567,-0.0550706721842289,0.9978064894676208,-0.2556197664296207,-0.005634554490840937,-0.0035995393532983755,-0.25321928968676344,-0.03387266273624529,0.010899721422476848
20.700102356000002,0.2621605396270752,-0.3028551936149597,0.36712220311164856,-0.020618386566638947,-0.03031357377767563,-0.05607078969478607,0.9977535605430603,-0.26450140787181087,-0.005848263172378632,-0.0017330008424873977,-0.2618139393669382,-0.035666710475169776,0.013399520785055515
20.799663084000002,0.23608972132205963,-0.303228497505188,0.36719220876693726,-0.021454906091094017,-0.03179972991347313,-0.05535032972693443,0.9977298378944397,-0.25545068705462226,-0.004092972999247602,-0.002447343226793519,-0.25308345209707284,-0.03253089417499159,0.012973150439465111
20.899748470000002,0.21116754412651062,-0.3036727011203766,0.36663028597831726,-0.02099856548011303,-0.030679531395435333,-0.05660378560423851,0.9977043271064758,-0.24801165816415283,-0.006679859079528727,-0.005241725540839903,-0.24554301321592356,-0.03476162819833663,0.00906292751520342
20.999796338000003,0.18645426630973816,-0.3045651912689209,0.366143137216568,-0.020388640463352203,-0.03004419058561325,-0.05608158931136131,0.9977657794952393,-0.23688452830423568,-0.004008248456581542,0.0019269731546560642,-0.23440320740250314,-0.030852180429333603,0.01540578960402937
21.099534826000003,0.16383498907089233,-0.3044765293598175,0.36701107025146484,-0.02092623896896839,-0.030600953847169876,-0.05617128685116768,0.9977326393127441,-0.23585356275359903,0.0036692166030816153,0.0027966467615803126,-0.23415273944467804,-0.02320270240564066,0.016802281356508075
21.199685131000003,0.1393022984266281,-0.30382946133613586,0.3666972815990448,-0.021139858290553093,-0.030517367646098137,-0.05695762857794762,0.9976861476898193,-0.24661704035474963,0.004948311181007581,-0.0006897243186689828,-0.24515721067745616,-0.023408162081624686,0.01396159365279708
21.299797217000002,0.11444699764251709,-0.3034854531288147,0.36687275767326355,-0.02164950594305992,-0.03141174092888832,-0.05661812797188759,0.9976668357849121,-0.24987366508115783,8.413712834176579e-05,0.0001322151607485722,-0.24777934942028607,-0.028490313187383258,0.015184502505526458
21.400036477,0.08923936635255814,-0.30381345748901367,0.36672335863113403,-0.021670635789632797,-0.0314718522131443,-0.056545235216617584,0.9976685643196106,-0.24313797081187682,-0.0051139967668139,-0.0011181845139047741,-0.24060446317213274,-0.03279624805407095,0.013318204281390808
21.500039968000003,0.06575645506381989,-0.30450862646102905,0.36664867401123047,-0.022035101428627968,-0.030977999791502953,-0.05596954748034477,0.9977084398269653,-0.24338938617675682,-0.00037517807759512856,-0.0018500362668876225,-0.24147490969987748,-0.02781216784808071,0.012582050759052306
21.599861044,0.04060731083154678,-0.30389082431793213,0.3663540780544281,-0.021443801000714302,-0.02971482463181019,-0.0559811033308506,0.9977591037750244,-0.2513270606949476,0.006368795964831309,-0.0012164275159971538,-0.2500863725553305,-0.02202534189373079,0.01337995785067733
21.699559005,0.015611770562827587,-0.3032379746437073,0.36640554666519165,-0.021078018471598625,-0.031482793390750885,-0.05575048178434372,0.9977256655693054,-0.24637046357919878,0.001842808082744396,-0.0027490015190172468,-0.24473230081553868,-0.025799356579178458,0.012241422010689606
21.800221935,-0.008747274056077003,-0.3035307228565216,0.3657969534397125,-0.020732436329126358,-0.029762228950858116,-0.0548868328332901,0.9978335499763489,-0.2450594481904711,-0.0024832850418770036,-0.0015441374203972735,-0.2429750757956137,-0.029552563520063836,0.012346770585818267
21.899783784,-0.0334484726190567,-0.3037361204624176,0.36608651280403137,-0.020999861881136894,-0.03081604279577732,-0.055750299245119095,0.997748076915741,-0.25413340035821047,-0.003226778604007663,0.0040986650825463045,-0.2514545549717023,-0.031962679799077506,0.018973408162199147
22.000102777000002,-0.05955284461379051,-0.304177463054657,0.36661800742149353,-0.020254481583833694,-0.03126329928636551,-0.05448021739721298,0.9978197813034058,-0.2527227103253195,-0.007309659022841641,0.0011224010012247376,-0.24987050776995773,-0.03509861277020743,0.01600862085264211
22.099715293000003,-0.08398625254631042,-0.3051934540271759,0.3663167953491211,-0.020813724026083946,-0.03174211457371712,-0.055311672389507294,0.9977473616600037,-0.2470220170231458,-0.007282147985692156,-0.00492037325395156,-0.24454162086188327,-0.034635444585242266,0.009843692958062398
22.199904702,-0.10891032963991165,-0.30562907457351685,0.36563271284103394,-0.01944369450211525,-0.030067475512623787,-0.05607002601027489,0.9977845549583435,-0.24685970234680293,-0.005314395871247379,-0.004062462203922923,-0.24452536518502188,-0.033043201692822904,0.009997582127988947
22.299485591,-0.13330380618572235,-0.30625393986701965,0.36550188064575195,-0.019358163699507713,-0.030087364837527275,-0.05471299588680267,0.9978609681129456,-0.23845635569113288,-0.003696510903394845,0.0008324896573066454,-0.23614591250842837,-0.030016310170508355,0.01448861382928141
22.399968279000003,-0.15660497546195984,-0.30636394023895264,0.36580315232276917,-0.018988797441124916,-0.030016085132956505,-0.054103054106235504,0.9979034662246704,-0.23682933352240665,-0.00023543369879908127,0.0009546995763751731,-0.23493181030420324,-0.026109590644100497,0.014643561061516212
22.500201343,-0.1808367222547531,-0.30630162358283997,0.365694522857666,-0.019145717844367027,-0.029926801100373268,-0.0561753548681736,0.9977885484695435,-0.24341724428216305,-0.001411536221975096,-0.000623335900099331,-0.24132688754889617,-0.028946440356213594,0.013333144143041186
22.599918022,-0.20527447760105133,-0.306644082069397,0.3656780421733856,-0.018681298941373825,-0.02939573861658573,-0.05616305395960808,0.9978138208389282,-0.24766133127619283,-0.005191702871690129,0.0010554086036977939,-0.24503061227016273,-0.03322121715754894,0.014851008605645515
22.699688722,-0.2302423119544983,-0.3073374927043915,0.36590519547462463,-0.019240479916334152,-0.030647074803709984,-0.056064803153276443,0.997771143913269,-0.25159429320784743,-0.006776782850612673,-0.0009526032960449626,-0.24885014475746592,-0.035140865184945,0.01361049822166992
22.799872242000003,-0.25558292865753174,-0.30799898505210876,0.36548489332199097,-0.019605670124292374,-0.030312430113554,-0.0548531748354435,0.9978415966033936,-0.2567352891289443,-0.004694114328909649,-0.0031926378050464166,-0.25441024247148825,-0.032957810924112714,0.011595152189544461
22.899836539000002,-0.2816256582736969,-0.30827784538269043,0.36526575684547424,-0.018800484016537666,-0.02906794846057892,-0.055332329124212265,0.9978677034378052,-0.24956871964838445,0.00032661537419076403,0.003967938401408633,-0.24741605070439993,-0.027644051704272442,0.017930457297661594
22.99970039,-0.3054559826850891,-0.30793434381484985,0.3662765622138977,-0.019341833889484406,-0.03187881037592888,-0.05464686453342438,0.9978093504905701,-0.23251988160753156,0.0036234921544908705,-0.0009048516915877158,-0.23110870890249613,-0.022013118215860897,0.01355105496239179
23.099864852000003,-0.3281325399875641,-0.30755293369293213,0.3650781214237213,-0.021556727588176727,-0.029309749603271484,-0.05515076592564583,0.9978148937225342,-0.2370139096455104,0.003395432603698012,-0.008025047966166099,-0.23602277450426715,-0.02269446636288399,0.005452965678185949
23.19988052,-0.3528982996940613,-0.30725452303886414,0.36466893553733826,-0.021059425547719002,-0.02827722765505314,-0.05751621350646019,0.9977217316627502,-0.2542868915983423,0.0015541068921507417,0.00020951398426616308,-0.25236199940954385,-0.027953133569858485,0.014011636618609593
23.299576916000003,-0.37891244888305664,-0.30724164843559265,0.36511722207069397,-0.021875344216823578,-0.02879275381565094,-0.054899655282497406,0.9978368878364563,-0.2554926950650158,-0.0017921984323829854,0.0006930403776292948,-0.2532933945936891,-0.03012182990712817,0.01467450612535089
23.399771077,-0.40396344661712646,-0.30761468410491943,0.364803671836853,-0.022014250978827477,-0.02898569218814373,-0.05615092068910599,0.9977586269378662,-0.2492717827210289,-0.005589450600227419,-0.0030188802731823117,-0.24684396465811542,-0.03367505048489341,0.010527361670379595
23.500000408000002,-0.42887231707572937,-0.30836203694343567,0.364512175321579,-0.02081919275224209,-0.028530586510896683,-0.05557076632976532,0.9978298544883728,-0.2444246829797212,-0.01007249061662252,0.0013384760706711685,-0.2413327584071605,-0.03745006583159117,0.014236029079469775
23.59971646,-0.4528392255306244,-0.3096259534358978,0.3650669455528259,-0.022406786680221558,-0.02927766926586628,-0.054872605949640274,0.9978123903274536,-0.2305832058639985,-0.002107861337414585,0.00265621720552911,-0.22840954533097027,-0.02775587363287491,0.015453299853272082
23.699957972,-0.47496888041496277,-0.30877238512039185,0.36504024267196655,-0.02092689275741577,-0.02884499728679657,-0.05499322712421417,0.9978506565093994,-0.2357586939093408,0.009339299174640159,0.0006011072773941528,-0.23491811340464913,-0.01690771777306312,0.01404829765407482
23.799615143,-0.4999496042728424,-0.30776000022888184,0.36518609523773193,-0.021669534966349602,-0.029077405110001564,-0.05519882217049599,0.9978165626525879,-0.25977180974490643,0.009713036357038574,-7.981001396117904e-05,-0.2588120721189214,-0.019295023787643372,0.014824168293697882
23.89975344,-0.5268788933753967,-0.3068321943283081,0.36502280831336975,-0.021000655367970467,-0.028122998774051666,-0.054707255214452744,0.9978852868080139,-0.2518571454294194,-0.0032116674962006098,-0.0008547136622711893,-0.24965426784036462,-0.030952466897731862,0.01256019066107768
23.999497491000003,-0.5503048300743103,-0.30839213728904724,0.3650146424770355,-0.022262120619416237,-0.02741249091923237,-0.05497252196073532,0.997863233089447,-0.2368639340968901,-0.010228279326759404,0.000754371282055466,-0.23392358038770628,-0.03646302989008525,0.01264579138307994
24.09977423,-0.5742587447166443,-0.3088722825050354,0.3651745915412903,-0.021980443969368935,-0.02713271975517273,-0.055617596954107285,0.9978413581848145,-0.24165668389643624,0.0022709928317794503,0.0029678455949748717,-0.23988723468596843,-0.024977426216637087,0.015561529553719476
24.200113594,-0.598785400390625,-0.3079356551170349,0.3656102120876312,-0.02187703177332878,-0.027709463611245155,-0.055176444351673126,0.9978523254394531,-0.2323713054815788,0.0034370012202111777,0.0023873204563116257,-0.23083610797428508,-0.022553643335212217,0.014831059137981356
24.299749183000003,-0.6207441091537476,-0.3081766963005066,0.36565473675727844,-0.02231198363006115,-0.02829792909324169,-0.05619211122393608,0.9977694749832153,-0.24810783798385794,-0.00295577348919851,-0.002531804646527247,-0.24596526432705804,-0.030964000933261234,0.01072218687756245
24.400082594,-0.6484380960464478,-0.30852746963500977,0.3650997579097748,-0.02147197164595127,-0.025124257430434227,-0.05485324189066887,0.9979473948478699,-0.24645779041590687,-0.003597584693986189,0.0014988505510464822,-0.2441948477523131,-0.030881148011589442,0.013109639735965347
24.499722082,-0.6700698733329773,-0.3088959753513336,0.3659447431564331,-0.02215241827070713,-0.026479782536625862,-0.056873176246881485,0.9977843165397644,-0.23710776918758691,-0.004306615762158517,0.0025136848032207837,-0.23461849496329096,-0.03156663648358256,0.014236187762191472
24.599615019,-0.6957589387893677,-0.30938708782196045,0.36559829115867615,-0.0211921576410532,-0.024173151701688766,-0.05548933148384094,0.9979415535926819,-0.2425097737981412,-0.006257596233591345,0.0003657042914531061,-0.24002782635429765,-0.03333440847786413,0.011213448396416727
24.699924203000002,-0.7186086177825928,-0.3101498782634735,0.36602115631103516,-0.021845269948244095,-0.024889206513762474,-0.0559934563934803,0.9978817105293274,-0.2368299761868875,-0.0071476976325608454,-0.0010912557011775181,-0.23431740108946372,-0.03377473569951144,0.009764262196454257
24.800215727,-0.7432668805122375,-0.31082093715667725,0.36537957191467285,-0.02195586822926998,-0.023478124290704727,-0.05659356340765953,0.9978797435760498,-0.2412750301321651,-0.0033027815574007136,0.001155000339058132,-0.23903688700001444,-0.030826050358600265,0.011704863506580225
24.900138804,-0.7669187784194946,-0.31081363558769226,0.3662468492984772,-0.022668659687042236,-0.024906355887651443,-0.05450727790594101,0.9979453682899475,-0.23464446173547593,0.0022029442280735445,0.000654037643200045,-0.23316211521496172,-0.023632282969140387,0.01184260874103985
24.999958843,-0.79013592004776,-0.31038135290145874,0.36551186442375183,-0.019954776391386986,-0.027760183438658714,-0.05359119549393654,0.9979775547981262,-0.18786452957607436,-0.004769092235513028,-0.001930964601375429,-0.18610215817114326,-0.02496991737702055,0.007876819669755685
25.099986005,-0.804444432258606,-0.311770498752594,0.36586320400238037,-0.02270517125725746,-0.029790028929710388,-0.0563291572034359,0.9977093935012817,-0.07501861756528383,-0.016945181827088707,0.004572762955425302,-0.07224416534927008,-0.025545601261166055,0.008002821927217496
25.199881221000002,-0.8051517605781555,-0.31376826763153076,0.3664257824420929,-0.022541450336575508,-0.031195595860481262,-0.05869564786553383,0.9975336790084839,0.021808824684998562,-0.012876157519040143,0.0014996643042726188,0.023203122454397245,-0.01025177763457975,-0.00043060808053617763
25.299730301,-0.8000909090042114,-0.31434309482574463,0.36616313457489014,-0.02346191741526127,-0.03103024885058403,-0.05773864686489105,0.9975734353065491,0.054977353625721204,0.011256903152310871,-0.005323940502555358,0.05288051829845167,0.01781287288160411,-0.007995246521139105
25.400025629,-0.7941445112228394,-0.31150004267692566,0.36535781621932983,-0.022445684298872948,-0.02862255647778511,-0.06012782081961632,0.9975277781486511,0.04605662453057979,0.02042769815275891,-0.002889627837870501,0.04305110582908786,0.025962914905330915,-0.00440259020619151
25.499730702,-0.7908639907836914,-0.3102482259273529,0.36557915806770325,-0.022714627906680107,-0.028522733598947525,-0.06170837581157684,0.9974279999732971,0.02392578224649533,0.005533440292098124,-0.0006215916793765874,0.022993534667634517,0.008487815879032749,-0.0016440008761327842
25.600062085,-0.7893697619438171,-0.310401976108551,0.36522990465164185,-0.023234259337186813,-0.02756713703274727,-0.06057995557785034,0.9975119829177856,0.010974407992037083,0.002326434975835401,0.0019754141271086656,0.010713191152204773,0.003562287778327935,0.0015132192725295774
25.699714670000002,-0.7886639833450317,-0.30978819727897644,0.3659668266773224,-0.022709015756845474,-0.029356129467487335,-0.060417529195547104,0.99748295545578,0.002050978503312706,0.0020323622461362323,0.0033370640724801337,0.0019948079660020504,0.002126025576995284,0.003312666926985728
25.799857000000003,-0.7889649271965027,-0.3099999725818634,0.3658926486968994,-0.022580035030841827,-0.029259994626045227,-0.05997175723314285,0.9975156784057617,-0.0016898112611518634,-0.0003497702384700485,-0.00030019763370603414,-0.0016517133078291601,-0.0005388391234157097,-0.00022229594043614764
25.899817430000002,-0.7890025973320007,-0.3098588287830353,0.36590659618377686,-0.022805551066994667,-0.02906160056591034,-0.06030461937189102,0.9974961876869202,-0.00247093041952251,-0.0007312462455117963,-0.002172369022719556,-0.0024937040264954393,-0.0009344915145268263,-0.0020658100634100168
25.999519992000003,-0.7894572019577026,-0.3101448714733124,0.3654600977897644,-0.02392282336950302,-0.025361228734254837,-0.062208496034145355,0.9974541068077087,-0.0025145170156566365,-0.004417790425931711,0.00017702319275714196,-0.0019394493065615984,-0.004701533991351649,7.15527476575535e-05
26.099756877,-0.7895031571388245,-0.3107437789440155,0.3659469783306122,-0.028066104277968407,-0.027094261720776558,-0.06391999125480652,0.9971923232078552,-0.0009397150646655028,0.0008287630972789728,0.004255889189979323,-0.0007898047896896309,0.00047597971182200766,0.004339603343586915
26.199911339000003,-0.7896454334259033,-0.3099799156188965,0.36631304025650024,-0.025048349052667618,-0.027446648105978966,-0.062190357595682144,0.9973722696304321,-0.0005004406313298126,0.005659306408974718,0.004030496863270061,-0.00095687008754318,0.005358034247179346,0.004347293809095063
26.299386154,-0.7896043062210083,-0.30961135029792786,0.3667510747909546,-0.02395319752395153,-0.02900003269314766,-0.06133996322751045,0.9974079728126526,-6.243187623988788e-05,0.0021566383577469317,0.0020990791233967965,-0.00019515184908650807,0.002037377753158663,0.002207289640778652
26.399424472000003,-0.7896584272384644,-0.3095513880252838,0.3667292296886444,-0.023765238001942635,-0.028808796778321266,-0.06116080656647682,0.9974289536476135,5.3930511174637985e-05,-0.00022714863268502583,-0.0004323771912686514,5.473483567098041e-05,-0.0001995643459874004,-0.00044568285413542036
26.499748486,-0.7895931601524353,-0.30965733528137207,0.366664320230484,-0.024076564237475395,-0.028858894482254982,-0.061266664415597916,0.9974135756492615,0.00020236314945654144,2.2840444141358773e-05,1.6580480906025485e-06,0.00019784750245564465,4.7582036135669645e-05,-8.221610503017009e-06
26.599747030000003,-0.7896175980567932,-0.3095475137233734,0.36672914028167725,-0.023890243843197823,-0.028980005532503128,-0.06131868064403534,0.9974114298820496,0.0003563247408746584,0.0010516458447711319,0.0005321174392316497,0.0002581863781424886,0.0010631482161752124,0.0005649167527196872
26.699951650000003,-0.7895215749740601,-0.3094468116760254,0.36677080392837524,-0.022822754457592964,-0.029508763924241066,-0.060203343629837036,0.9974887371063232,0.003206300503102444,0.0025877144088992665,-0.00240040836735278,0.002722257532360664,0.0030564338154447993,-0.002446653912507504
26.799547150000002,-0.788979709148407,-0.3090324103832245,0.36625295877456665,-0.019143475219607353,-0.029849445447325706,-0.05838930979371071,0.9976639747619629,0.002959607118659502,0.00033510973535921806,-0.002581098056079645,0.002735994593448527,0.0007703672718606227,-0.0027302944635546355
26.899605024000003,-0.7889329791069031,-0.30938345193862915,0.366257905960083,-0.020698638632893562,-0.030078362673521042,-0.058621618896722794,0.9976123571395874,0.0008617754903754715,-0.004324055468161614,-0.0011452447600956983,0.0012831559123433157,-0.0041455038658402285,-0.001385643118194222
26.999687723,-0.788807213306427,-0.30989786982536316,0.3660236895084381,-0.02284628339111805,-0.029922131448984146,-0.06007574498653412,0.9974836707115173,1.3541405764705416e-05,-0.0026070165847593696,-0.0016248754254599707,0.00022084866594436774,-0.0025156195585357803,-0.0017492350026817578
27.100022612,-0.7889308929443359,-0.30990466475486755,0.3659326136112213,-0.0225530955940485,-0.02916666492819786,-0.05998960882425308,0.9975179433822632,-0.00018626087767570354,-6.448739572317841e-05,-0.00033551066826076337,-0.00019740099260708566,-7.257269325509233e-05,-0.00032739150811819293
27.199732631000003,-0.7888457775115967,-0.30991077423095703,0.3659558594226837,-0.0227910615503788,-0.02947913110256195,-0.060074444860219955,0.997498095035553,-0.00012208367838351109,8.60693811446378e-05,-0.0002527811308101757,-0.00014674837067105986,8.116131250158299e-05,-0.00024101539380369522
27.29991713,-0.7889562249183655,-0.3098873198032379,0.36588162183761597,-0.022515172138810158,-0.02884419448673725,-0.05996239557862282,0.9975298047065735,-0.00017631961856601208,-0.00011588325960687484,-0.00019160385313665707,-0.00017258925552870427,-0.00012831043894710864,-0.00018702661419819352
27.399878075,-0.7888814806938171,-0.3099338114261627,0.36591726541519165,-0.02278706431388855,-0.029258040711283684,-0.060124680399894714,0.997501790523529,0.0001790988498826529,-3.610677327126055e-06,-0.00023061426315540423,0.00016383278444980282,2.781313312549289e-05,-0.00024012001531719039
27.500008134,-0.7889205813407898,-0.3098878860473633,0.3658352792263031,-0.022569509223103523,-0.028716042637825012,-0.059956833720207214,0.9975324869155884,0.0001560884342395319,0.00012030275943475388,0.0003820307828061864,0.00016339499012706197,0.00012230210004275478,0.0003783228063030061
27.599783284,-0.7888506650924683,-0.30990952253341675,0.36599278450012207,-0.02272951230406761,-0.029508868232369423,-0.05996585637331009,0.997505247592926,0.00045853708256826664,-0.00019972433609716234,0.0005160605659864093,0.0005098539320955794,-0.00016418526551515054,0.0004791207997992557
27.699862265,-0.7888290882110596,-0.3099277913570404,0.3659377694129944,-0.022912366315722466,-0.029602402821183205,-0.06008043512701988,0.9974913597106934,-0.00025898555065095863,0.000171702805652707,-0.0010140252171952913,-0.0003396855812144366,0.00018163369461616358,-0.0009881424072055818
27.800104064000003,-0.7889026999473572,-0.3098750114440918,0.3657895028591156,-0.022373924031853676,-0.028837528079748154,-0.05989103391766548,0.9975374937057495,-0.0005027543632425413,0.00028609313923522173,-0.0007439204173445013,-0.0005769204305816865,0.00025367009177435873,-0.0007006019716897206
27.900281693,-0.7889298796653748,-0.3098704218864441,0.3657885789871216,-0.022391481325030327,-0.028666630387306213,-0.05997365713119507,0.9975368976593018,4.911124346795859e-05,-0.0004474769761442232,0.0005916640771197468,0.00013707181365431504,-0.00046226674032343946,0.0005658928496282375
27.999932563,-0.7888932228088379,-0.3099639117717743,0.36590710282325745,-0.022814683616161346,-0.029170626774430275,-0.06010546162724495,0.9975048899650574,0.00028226149758170394,3.4257467341314296e-05,0.0008611084793366253,0.00032815389599818166,3.2022027203806366e-05,0.0008447736682603903
28.100227462000003,-0.788873553276062,-0.30986231565475464,0.36596032977104187,-0.02254938893020153,-0.029409730806946754,-0.059982653707265854,0.9975112676620483,-2.0710055724126875e-05,-0.0001171877263821397,0.0004713697419804763,2.2274672225277776e-05,-0.00013827329233993756,0.0004655487502723889
28.200299594,-0.7888972759246826,-0.3099868893623352,0.36600157618522644,-0.022983932867646217,-0.029388688504695892,-0.06023261696100235,0.9974868297576904,-0.0005659319775701555,0.00011491961870713219,-0.00043268334804524855,-0.0006010678831620778,6.350372796931153e-05,-0.00039418913993280387
28.299868252000003,-0.7889862060546875,-0.30984073877334595,0.3658747971057892,-0.02235255390405655,-0.028673319146037102,-0.059890519827604294,0.9975426197052002,-0.0005415058614981483,0.0005742656707421467,-0.0005648202308037309,-0.0006384350200464906,0.0005274237254798315,-0.0005062178293325627
28.399858435000002,-0.7890050411224365,-0.3098730444908142,0.36588945984840393,-0.022367063909769058,-0.028773711994290352,-0.05995979532599449,0.997535228729248,-0.00010312262623468627,-0.00042341628514930285,-6.813109457026734e-05,-5.6198479045728676e-05,-0.0004296116087704021,-8.26623806889869e-05
28.499838129,-0.7890068292617798,-0.3099254071712494,0.365861177444458,-0.02274920791387558,-0.028694747015833855,-0.060084085911512375,0.9975213408470154,0.0010431225047611292,-0.0001732154154905352,0.00027888347677618164,0.0010711381170566189,-5.7079832156892724e-05,0.00021281250120893663
28.599941541000003,-0.788796067237854,-0.30990761518478394,0.36594539880752563,-0.022592693567276,-0.02962113916873932,-0.06006176397204399,0.9974992871284485,0.0003478854817360322,0.0002244026865034776,-7.68105021704546e-05,0.0003134292821295771,0.0002678936512143743,-8.529832412853015e-05
28.699998215,-0.7889370322227478,-0.30988049507141113,0.3658458888530731,-0.02244623377919197,-0.028865821659564972,-0.05992203205823898,0.9975330829620361,-0.0006994466096057472,3.293927553360554e-05,-0.00016581661951553528,-0.000707148525079697,-4.500265691950582e-05,-0.00012538513156274797
28.799662573000003,-0.7889363169670105,-0.30990085005760193,0.3659116327762604,-0.02259082905948162,-0.029103875160217285,-0.05990568548440933,0.997523844242096,0.0005297892825977257,-0.00022415305584910783,0.0004434302947380342,0.0005785314924006147,-0.00017674024424026635,0.0004020148020408882
28.899866704,-0.788830578327179,-0.3099253177642822,0.365934282541275,-0.022647881880402565,-0.029533743858337402,-0.060057636350393295,0.9975008368492126,0.000788372538716331,-0.00033025515600115796,0.0002540253434681894,0.0008360959710927488,-0.00024259675763298674,0.00019292211718708831
28.999665465000003,-0.7887784242630005,-0.3099668323993683,0.365962415933609,-0.022997858002781868,-0.029770193621516228,-0.060190360993146896,0.9974778294563293,-8.86117980840595e-05,-0.0020206531769348945,-0.002696267774249028,-1.554192326669429e-05,-0.0019005949440907685,-0.002783567590303559
29.099839399,-0.7888487577438354,-0.3103305995464325,0.36539286375045776,-0.02356821857392788,-0.027702035382390022,-0.06088538467884064,0.9974818825721741,-0.0007739996241502567,0.0007578215659511667,-0.0006551243998671463,-0.0008962171171177718,0.0006849298254906564,-0.0005746502731619944
29.200102364000003,-0.7889335751533508,-0.3098141551017761,0.36583200097084045,-0.022280413657426834,-0.02874252200126648,-0.059767574071884155,0.9975497126579285,0.00025951425604553435,0.0018558237658694576,0.0027411347560080124,0.00020280433208392875,0.001759569987525714,0.0028085642437976417
29.299904150000003,-0.7887978553771973,-0.30995628237724304,0.3659427762031555,-0.022917911410331726,-0.029689373448491096,-0.060118529945611954,0.9974863529205322,0.00014391820933257193,-0.0006547022487590759,0.00016788598459083204,0.00023066127075643033,-0.0006389018909992824,0.00012701551551006624
29.399938857000002,-0.7889053821563721,-0.30994462966918945,0.3658651113510132,-0.02280130609869957,-0.02903028205037117,-0.06006792187690735,0.9975115060806274,-0.0003254293752408266,-0.0017286606322155507,-0.002324351211125064,-0.00025864795319207684,-0.001656191526282952,-0.0023847245704437547
29.499990769000004,-0.788862943649292,-0.3103022277355194,0.36547765135765076,-0.02349335141479969,-0.028012264519929886,-0.06075616925954819,0.9974828362464905,-0.00021836896520266436,0.00035103295514882227,0.00037901869209533423,-0.00023623667250576187,0.0003048248681974889,0.000407232542675121
29.599959196,-0.7889489531517029,-0.3098750710487366,0.3659402132034302,-0.022474078461527824,-0.02906540036201477,-0.059938944876194,0.9975256323814392,3.309215701552404e-05,0.0017758940945733492,0.0024611235089573302,-2.7901408926830565e-05,0.0016635661891874522,0.002538462703667539
29.699992977,-0.7888562083244324,-0.3099473714828491,0.36596959829330444,-0.0227883979678154,-0.029454493895173073,-0.060165200382471085,0.9974935054779053,0.000488208370965193,-8.866723992784209e-05,7.141830836676633e-05,0.0004987428451280239,-3.167250537859187e-05,3.952587157200415e-05
29.799982197000002,-0.788851261138916,-0.309892863035202,0.36595451831817627,-0.022709036245942116,-0.029519962146878242,-0.05992768704891205,0.9975076913833618,0.0003074338726847259,9.153332619993293e-05,-0.00028699571845436367,0.0002761860532249148,0.0001399362975110781,-0.0002989976169356933
29.899502657000003,-0.7887951135635376,-0.30992868542671204,0.36591246724128723,-0.022857332602143288,-0.029590435326099396,-0.06005140393972397,0.9974948167800903,-0.00040298444084729823,-3.938048336094013e-06,-0.0006178604905924256,-0.0004370759020055667,-2.6750249851479664e-05,-0.000593643524047659
29.999539504,-0.7889326810836792,-0.30989328026771545,0.36583101749420166,-0.02250266820192337,-0.028811071068048477,-0.06006382405757904,0.9975249171257019,-0.0004791154424177435,0.00012536888860092965,-5.847834835659427e-05,-0.0004932428814297453,6.872647510733561e-05,-2.601565215212782e-05
30.099813707000003,-0.7888906598091125,-0.30990368127822876,0.3659011125564575,-0.022623335942626,-0.029229886829853058,-0.05993857607245445,0.997517466545105,8.96533005203537e-05,0.00011718652621794945,0.00020190522040697267,8.731939619646802e-05,0.00011865844232418794,0.00020206833339712788
30.199736527000002,-0.7889145016670227,-0.3098699748516083,0.365871787071228,-0.022457515820860863,-0.029095426201820374,-0.059888094663619995,0.9975282549858093,-0.00017089955078608554,8.648947274814134e-05,-0.00011154433565385702,-0.0001863799143573934,6.974830277922523e-05,-9.76059729481032e-05
30.299657413000002,-0.7889248132705688,-0.3098863959312439,0.3658788204193115,-0.022477634251117706,-0.02893102541565895,-0.059987157583236694,0.9975265860557556,0.0001268818539887917,-0.0001665643540151862,1.9981878492503213e-05,0.00014668089610102403,-0.00015067407018866982,4.899353018399926e-06
30.399942486,-0.7888889312744141,-0.3099033236503601,0.3658757507801056,-0.022585051134228706,-0.029088497161865234,-0.059931520372629166,0.9975228905677795,0.00035779997043813004,-0.0001687959993429052,-3.060913368366062e-05,0.0003727254896264765,-0.00012288788623158206,-5.8515844903736037e-05
