t,value
0.0,1.0471975511965976
0.001440099,1.0471975511965976
0.019017508000000002,1.0471975511965976
0.019575272,1.0471975511965976
0.039627212,1.0471975511965976
0.04005108,1.0471975511965976
0.059323421,1.0471975511965976
0.060030444,1.0471975511965976
0.079178858,1.0471975511965976
0.079779746,1.0471975511965976
0.100241861,1.0471975511965976
0.101209354,1.0471975511965976
0.11936262700000001,1.0471975511965976
0.119995528,1.0471975511965976
0.139401463,1.0471975511965976
0.139994174,1.0471975511965976
0.15988701000000002,1.0471975511965976
0.160506919,1.0471975511965976
0.17914939200000002,1.0471975511965976
0.17988731900000002,1.0471975511965976
0.199328583,1.0471975511965976
0.19990581400000001,1.0471975511965976
0.219552618,1.0471975511965976
0.21998767800000002,1.0471975511965976
0.23929143300000003,1.0471975511965976
0.239980092,1.0471975511965976
0.25924504400000004,1.0471975511965976
0.260058365,1.0471975511965976
0.27937298800000004,1.0471975511965976
0.279910796,1.0471975511965976
0.298803245,1.0471975511965976
0.29949862600000005,1.0471975511965976
0.319383223,1.0471975511965976
0.31946693000000004,1.0471975511965976
0.33924020000000005,1.0471975511965976
0.340004234,1.0471975511965976
0.358978656,1.0471975511965976
0.35962557300000003,1.0471975511965976
0.37910542900000005,1.0471975511965976
0.379630684,1.0471975511965976
0.39886151400000003,1.0471975511965976
0.39980350400000003,1.0471975511965976
0.419020151,1.0471975511965976
0.419401391,1.0471975511965976
0.43922889000000004,1.0471975511965976
0.43974006400000004,1.0471975511965976
0.45904965400000003,1.0471975511965976
0.45940043300000005,1.0471975511965976
0.479469258,1.0471975511965976
0.48002416700000006,1.0471975511965976
0.49942467500000004,1.0471975511965976
0.500131014,1.0471975511965976
0.519834314,1.0471975511965976
0.5204868220000001,1.0471975511965976
0.539771377,1.0471975511965976
0.540288542,1.0471975511965976
0.559827845,1.0471975511965976
0.560686564,1.0471975511965976
0.57907204,1.0471975511965976
0.5793782070000001,1.0471975511965976
0.599173434,1.0471975511965976
0.5995215930000001,1.0471975511965976
0.61937814,1.0471975511965976
0.6197991070000001,1.0471975511965976
0.6392529050000001,1.0471975511965976
0.639669353,1.0471975511965976
0.6594289160000001,1.0471975511965976
0.6597008790000001,1.0471975511965976
0.679058734,1.0471975511965976
0.6795288610000001,1.0471975511965976
0.699267937,1.0471975511965976
0.699958249,1.0471975511965976
0.7192830170000001,1.0471975511965976
0.719921675,1.0471975511965976
0.739068562,1.0471975511965976
0.739720723,1.0471975511965976
0.758971147,1.0471975511965976
0.7595364560000001,1.0471975511965976
0.779440152,1.0471975511965976
0.7796366130000001,1.0471975511965976
0.799022573,1.0471975511965976
0.799371542,1.0471975511965976
0.819111613,1.0471975511965976
0.8196294310000001,1.0471975511965976
0.839085155,1.0471975511965976
0.839674683,1.0471975511965976
0.85919926,1.0471975511965976
0.8594479450000001,1.0471975511965976
0.879441412,1.0471975511965976
0.8798647030000001,1.0471975511965976
0.8994280530000001,1.0471975511965976
0.899836453,1.0471975511965976
0.919223623,1.0471975511965976
0.9195919960000001,1.0471975511965976
0.939290328,1.0471975511965976
0.9398581650000001,1.0471975511965976
0.9588588640000001,1.0471975511965976
0.959432559,1.0471975511965976
0.9791465760000001,1.0471975511965976
0.9796954480000001,1.0471975511965976
0.99906877,1.0471975511965976
0.9995853360000001,1.0471975511965976
1.019082285,1.0471975511965976
1.019422687,1.0471975511965976
1.039084566,1.0471975511965976
1.0397516610000002,1.0471975511965976
1.059540903,1.0471975511965976
1.0597808990000002,1.0471975511965976
1.0793694310000002,1.0471975511965976
1.079617786,1.0471975511965976
1.099360431,1.0471975511965976
1.0996493040000002,1.0471975511965976
1.119317791,1.0471975511965976
1.119822321,1.0471975511965976
1.139075193,1.0471975511965976
1.1396624910000002,1.0471975511965976
1.159014342,1.0471975511965976
1.1596649220000002,1.0471975511965976
1.1794670600000001,1.0471975511965976
1.1802188470000001,1.0471975511965976
1.199083246,1.0471975511965976
1.1998315640000001,1.0471975511965976
1.219243856,1.0471975511965976
1.2198900540000002,1.0471975511965976
1.239624301,1.0471975511965976
1.240161753,1.0471975511965976
1.2592170120000001,1.0471975511965976
1.259729383,1.0471975511965976
1.279189547,1.0471975511965976
1.279464673,1.0471975511965976
1.2989345620000001,1.0471975511965976
1.299426989,1.0471975511965976
1.318934257,1.0471975511965976
1.319316028,1.0471975511965976
1.3391926010000001,1.0471975511965976
1.3395312160000001,1.0471975511965976
1.359033929,1.0471975511965976
1.359296305,1.0471975511965976
1.379108114,1.0471975511965976
1.3797265390000002,1.0471975511965976
1.398906001,1.0471975511965976
1.3995345540000002,1.0471975511965976
1.4187419030000001,1.0471975511965976
1.419490748,1.0471975511965976
1.4392470880000001,1.0471975511965976
1.439883741,1.0471975511965976
1.4589637510000002,1.0471975511965976
1.459470008,1.0471975511965976
1.479377889,1.0471975511965976
1.4798111,1.0471975511965976
1.499687677,1.0471975511965976
1.5003143600000002,1.0471975511965976
1.5195788780000001,1.0471975511965976
1.520339793,1.0471975511965976
1.5402803,1.0471975511965976
1.540691242,1.0471975511965976
1.5596630900000001,1.0471975511965976
1.560412517,1.0471975511965976
1.5789963770000002,1.0471975511965976
1.5796503530000001,1.0471975511965976
1.599122375,1.0471975511965976
1.5996794570000001,1.0471975511965976
1.619029523,1.0471975511965976
1.619679569,1.0471975511965976
1.6387066620000001,1.0471975511965976
1.6393535320000001,1.0471975511965976
1.6590262660000001,1.0471975511965976
1.6596012230000001,1.0471975511965976
1.678994257,1.0471975511965976
1.679815623,1.0471975511965976
1.6989348080000002,1.0471975511965976
1.6995298380000001,1.0471975511965976
1.7187917050000001,1.0471975511965976
1.7192167180000002,1.0471975511965976
1.739144574,1.0471975511965976
1.7399055010000002,1.0471975511965976
1.758767218,1.0471975511965976
1.759983032,1.0471975511965976
1.779286238,1.0471975511965976
1.77955993,1.0471975511965976
1.7990715130000001,1.0471975511965976
1.7994375,1.0471975511965976
1.8187840130000001,1.0471975511965976
1.819275594,1.0471975511965976
1.8389147590000001,1.0471975511965976
1.839273087,1.0471975511965976
1.8591600330000002,1.0471975511965976
1.8594197620000001,1.0471975511965976
1.8791003130000001,1.0471975511965976
1.8796302370000002,1.0471975511965976
1.8993281560000002,1.0471975511965976
1.9001171250000002,1.0471975511965976
1.919078014,1.0471975511965976
1.9193885320000001,1.0471975511965976
1.939215777,1.0471975511965976
1.939491247,1.0471975511965976
1.959377753,1.0471975511965976
1.959865017,1.0471975511965976
1.979038971,1.0471975511965976
1.9793933090000002,1.0471975511965976
1.999070227,1.0471975511965976
1.9994983530000001,1.0471975511965976
2.019501141,1.0471975511965976
2.020382489,1.0471975511965976
2.039505269,1.0471975511965976
2.039970153,1.0471975511965976
2.059192829,1.0471975511965976
2.0595521160000003,1.0471975511965976
2.079343781,1.0471975511965976
2.0798023910000003,1.0471975511965976
2.099155597,1.0471975511965976
2.099634436,1.0471975511965976
2.119277632,1.0471975511965976
2.12005936,1.0471975511965976
2.13921085,1.0471975511965976
2.139774746,1.0471975511965976
2.159437972,1.0471975511965976
2.160126258,1.0471975511965976
2.179349861,1.0471975511965976
2.179841466,1.0471975511965976
2.199119838,1.0471975511965976
2.199430979,1.0471975511965976
2.2192508870000003,1.0471975511965976
2.219549673,1.0471975511965976
2.239220152,1.0471975511965976
2.2395609640000003,1.0471975511965976
2.258898577,1.0471975511965976
2.259559045,1.0471975511965976
2.280488837,1.0471975511965976
2.280819379,1.0471975511965976
2.2995063630000003,1.0471975511965976
2.300247092,1.0471975511965976
2.319061816,1.0471975511965976
2.3196589590000003,1.0471975511965976
2.338981561,1.0471975511965976
2.3397540980000002,1.0471975511965976
2.3596649920000003,1.0471975511965976
2.360340103,1.0471975511965976
2.3792851990000004,1.0471975511965976
2.3798909100000003,1.0471975511965976
2.3992370060000003,1.0471975511965976
2.399936513,1.0471975511965976
2.4195913950000003,1.0471975511965976
2.420147455,1.0471975511965976
2.439533151,1.0471975511965976
2.44035554,1.0471975511965976
2.459121729,1.0471975511965976
2.459784894,1.0471975511965976
2.479450196,1.0471975511965976
2.4799313560000003,1.0471975511965976
2.49944443,1.0471975511965976
2.499984726,1.0471975511965976
2.5194829270000003,1.0471975511965976
2.520356897,1.0471975511965976
2.540193667,1.0471975511965976
2.54106061,1.0471975511965976
2.5595617020000003,1.0471975511965976
2.5600517160000003,1.0471975511965976
2.5791334750000003,1.0471975511965976
2.5799724260000003,1.0471975511965976
2.5987546960000003,1.0471975511965976
2.599367695,1.0471975511965976
2.6192768130000004,1.0471975511965976
2.619748737,1.0471975511965976
2.6389894810000003,1.0471975511965976
2.639352113,1.0471975511965976
2.659131651,1.0471975511965976
2.659533105,1.0471975511965976
2.6791077800000003,1.0471975511965976
2.6793447510000004,1.0471975511965976
2.699162654,1.0471975511965976
2.699683497,1.0471975511965976
2.719010838,1.0471975511965976
2.719553529,1.0471975511965976
2.738977056,1.0471975511965976
2.739496543,1.0471975511965976
2.7592365080000003,1.0471975511965976
2.759738832,1.0471975511965976
2.77909553,1.0471975511965976
2.7794658930000002,1.0471975511965976
2.799068068,1.0471975511965976
2.7994452680000004,1.0471975511965976
2.819019759,1.0471975511965976
2.819347778,1.0471975511965976
2.839163682,1.0471975511965976
2.839491826,1.0471975511965976
2.8590460170000003,1.0471975511965976
2.859592449,1.0471975511965976
2.8791549680000004,1.0471975511965976
2.879779283,1.0471975511965976
2.8990924180000004,1.0471975511965976
2.899457555,1.0471975511965976
2.918959676,1.0471975511965976
2.9195779870000003,1.0471975511965976
2.938692521,1.0471975511965976
2.9393206530000002,1.0471975511965976
2.959049901,1.0471975511965976
2.9595065660000004,1.0471975511965976
2.979226675,1.0471975511965976
2.979527676,1.0471975511965976
2.998822082,1.0471975511965976
2.9995681640000003,1.0471975511965976
3.019349462,1.0471975511965976
3.019484342,1.0471975511965976
3.039221618,1.0471975511965976
3.0396751920000002,1.0471975511965976
3.058805614,1.0471975511965976
3.059168355,1.0471975511965976
3.0788165480000003,1.0471975511965976
3.079234499,1.0471975511965976
3.099352098,1.0471975511965976
3.099458572,1.0471975511965976
3.1191545890000003,1.0471975511965976
3.119615907,1.0471975511965976
3.1390579410000004,1.0471975511965976
3.1393686290000002,1.0471975511965976
3.159030828,1.0471975511965976
3.159410577,1.0471975511965976
3.178909813,1.0471975511965976
3.179267609,1.0471975511965976
3.198949266,1.0471975511965976
3.1993580120000003,1.0471975511965976
3.2187071,1.0471975511965976
3.219082144,1.0471975511965976
3.239126938,1.0471975511965976
3.2395758100000003,1.0471975511965976
3.259164621,1.0471975511965976
3.259527127,1.0471975511965976
3.279052687,1.0471975511965976
3.2794202030000004,1.0471975511965976
3.299181017,1.0471975511965976
3.2995334410000003,1.0471975511965976
3.31964635,1.0471975511965976
3.3199725900000003,1.0471975511965976
3.339023516,1.0471975511965976
3.3393479740000003,1.0471975511965976
3.359056074,1.0471975511965976
3.359323423,1.0471975511965976
3.3790247460000002,1.0471975511965976
3.379637577,1.0471975511965976
3.3990991750000004,1.0471975511965976
3.399540177,1.0471975511965976
3.419001364,1.0471975511965976
3.419495592,1.0471975511965976
3.4390051230000003,1.0471975511965976
3.4395157700000003,1.0471975511965976
3.459250812,1.0471975511965976
3.459530049,1.0471975511965976
3.4791305720000003,1.0471975511965976
3.479575747,1.0471975511965976
3.499451231,1.0471975511965976
3.499795374,1.0471975511965976
3.519470978,1.0471975511965976
3.520166676,1.0471975511965976
3.5392674850000003,1.0471975511965976
3.5398262710000004,1.0471975511965976
3.5592281330000004,1.0471975511965976
3.559968526,1.0471975511965976
3.5792048370000002,1.0471975511965976
3.5795774600000003,1.0471975511965976
3.599337137,1.0471975511965976
3.6000294360000002,1.0471975511965976
3.6190013370000003,1.0471975511965976
3.6195229540000002,1.0471975511965976
3.6391849190000003,1.0471975511965976
3.6395699520000004,1.0471975511965976
3.6595258200000003,1.0471975511965976
3.6597424210000002,1.0471975511965976
3.6791056020000004,1.0471975511965976
3.67943145,1.0471975511965976
3.6991502190000003,1.0471975511965976
3.699364119,1.0471975511965976
3.719281532,1.0471975511965976
3.7201182760000004,1.0471975511965976
3.739071066,1.0471975511965976
3.7394083670000002,1.0471975511965976
3.7594802040000004,1.0471975511965976
3.7597492320000003,1.0471975511965976
3.77948421,1.0471975511965976
3.779795619,1.0471975511965976
3.7989059980000004,1.0471975511965976
3.799309093,1.0471975511965976
3.8186423780000003,1.0471975511965976
3.8192502530000003,1.0471975511965976
3.839072583,1.0471975511965976
3.839610266,1.0471975511965976
3.8593239030000004,1.0471975511965976
3.859875811,1.0471975511965976
3.879221856,1.0471975511965976
3.879534602,1.0471975511965976
3.8990654570000003,1.0471975511965976
3.89944374,1.0471975511965976
3.9205084130000003,1.0471975511965976
3.9209651670000003,1.0471975511965976
3.9393129000000005,1.0471975511965976
3.939786354,1.0471975511965976
3.9591931600000003,1.0471975511965976
3.9597158940000003,1.0471975511965976
3.9793627180000004,1.0471975511965976
3.980043327,1.0471975511965976
3.999409007,1.0471975511965976
4.000082777,1.0471975511965976
4.018983974,1.0471975511965976
4.019637722000001,1.0471975511965976
4.045873240000001,1.0471975511965976
4.045906051,1.0471975511965976
4.070100752,1.0471975511965976
4.070786624,1.0471975511965976
4.087051775,1.0471975511965976
4.088707369000001,1.0471975511965976
4.109004303,1.0471975511965976
4.109597703,1.0471975511965976
4.132132428,1.0471975511965976
4.133047341,1.0471975511965976
4.145272261000001,1.0471975511965976
4.146428002,1.0471975511965976
4.160165364,1.0471975511965976
4.161144317000001,1.0471975511965976
4.17983321,1.0471975511965976
4.180656536,1.0471975511965976
4.199698251,1.0471975511965976
4.200569915,1.0471975511965976
4.2198571430000005,1.0471975511965976
4.220886752,1.0471975511965976
4.239691083,1.0471975511965976
4.240422215000001,1.0471975511965976
4.259520362,1.0471975511965976
4.26016805,1.0471975511965976
4.279543074,1.0471975511965976
4.280330082,1.0471975511965976
4.299422181000001,1.0471975511965976
4.2998650210000005,1.0471975511965976
4.319182045000001,1.0471975511965976
4.31978538,1.0471975511965976
4.339244476,1.0471975511965976
4.339657862,1.0471975511965976
4.358983831000001,1.0471975511965976
4.359369865000001,1.0471975511965976
4.379022363000001,1.0471975511965976
4.37955441,1.0471975511965976
4.399309466,1.0471975511965976
4.399707704,1.0471975511965976
4.419033168,1.0471975511965976
4.419378234,1.0471975511965976
4.439193400000001,1.0471975511965976
4.439521664,1.0471975511965976
4.459113204,1.0471975511965976
4.459594097,1.0471975511965976
4.479347731000001,1.0471975511965976
4.479690597,1.0471975511965976
4.499507096,1.0471975511965976
4.499743486,1.0471975511965976
4.519365938,1.0471975511965976
4.51971073,1.0471975511965976
4.53947573,1.0471975511965976
4.540299114000001,1.0471975511965976
4.5596704830000006,1.0471975511965976
4.560360607000001,1.0471975511965976
4.5792562210000005,1.0471975511965976
4.580116419,1.0471975511965976
4.599068281,1.0471975511965976
4.59954026,1.0471975511965976
4.619032816000001,1.0471975511965976
4.619379438,1.0471975511965976
4.63906314,1.0471975511965976
4.639430816,1.0471975511965976
4.659232763,1.0471975511965976
4.659581950000001,1.0471975511965976
4.679321707000001,1.0471975511965976
4.679678144,1.0471975511965976
4.699141055,1.0471975511965976
4.699384067,1.0471975511965976
4.719700127,1.0471975511965976
4.7200142970000005,1.0471975511965976
4.739340998,1.0471975511965976
4.739854764,1.0471975511965976
4.759341819,1.0471975511965976
4.759370928,1.0471975511965976
4.779322007,1.0471975511965976
4.779548983000001,1.0471975511965976
4.799295203000001,1.0471975511965976
4.799833277,1.0471975511965976
4.819222682,1.0471975511965976
4.819407845000001,1.0471975511965976
4.838949898,1.0471975511965976
4.839527685,1.0471975511965976
4.858934201,1.0471975511965976
4.859453339,1.0471975511965976
4.878915757000001,1.0471975511965976
4.879467816,1.0471975511965976
4.89930479,1.0471975511965976
4.900050016000001,1.0471975511965976
4.919146285,1.0471975511965976
4.919559418,1.0471975511965976
4.939144788,1.0471975511965976
4.939475918,1.0471975511965976
4.959272203,1.0471975511965976
4.959817393000001,1.0471975511965976
4.9789580120000005,1.0471975511965976
4.979262287,1.0471975511965976
4.999301166,1.0471975511965976
4.999662557000001,1.0471975511965976
5.019255714000001,1.0471975511965976
5.019540913,1.0471975511965976
5.039110172,1.0471975511965976
5.039786473,1.0471975511965976
5.059347643000001,1.0471975511965976
5.059747924000001,1.0471975511965976
5.079475264,1.0471975511965976
5.079749967000001,1.0471975511965976
5.099238345000001,1.0471975511965976
5.099523496000001,1.0471975511965976
5.1192520770000005,1.0471975511965976
5.1194477,1.0471975511965976
5.13927794,1.0471975511965976
5.140343126,1.0471975511965976
5.158997721,1.0471975511965976
5.159509865,1.0471975511965976
5.179103514,1.0471975511965976
5.1798117800000005,1.0471975511965976
5.199294661000001,1.0471975511965976
5.199734162,1.0471975511965976
5.219352025,1.0471975511965976
5.219561066000001,1.0471975511965976
5.2393400980000004,1.0471975511965976
5.2396132490000005,1.0471975511965976
5.2590224370000005,1.0471975511965976
5.259339054000001,1.0471975511965976
5.279367401,1.0471975511965976
5.279679554,1.0471975511965976
5.299354314,1.0471975511965976
5.29973734,1.0471975511965976
5.3194220990000005,1.0471975511965976
5.319782522000001,1.0471975511965976
5.3392675800000005,1.0471975511965976
5.3395935340000005,1.0471975511965976
5.359319741,1.0471975511965976
5.359755697000001,1.0471975511965976
5.378727362,1.0471975511965976
5.379358012,1.0471975511965976
5.398952255,1.0471975511965976
5.399426615,1.0471975511965976
5.419074479000001,1.0471975511965976
5.419724152000001,1.0471975511965976
5.438768033000001,1.0471975511965976
5.439522939000001,1.0471975511965976
5.459147894,1.0471975511965976
5.459450491,1.0471975511965976
5.478900416,1.0471975511965976
5.47931562,1.0471975511965976
5.498820611,1.0471975511965976
5.499221606000001,1.0471975511965976
5.5190686840000005,1.0471975511965976
5.519351047000001,1.0471975511965976
5.539626485,1.0471975511965976
5.540273136000001,1.0471975511965976
5.559100482000001,1.0471975511965976
5.559718561,1.0471975511965976
5.57934335,1.0471975511965976
5.580096132,1.0471975511965976
5.599296571,1.0471975511965976
5.599917199,1.0471975511965976
5.619211256000001,1.0471975511965976
5.6194556350000004,1.0471975511965976
5.639046932,1.0471975511965976
5.639370867,1.0471975511965976
5.659227586,1.0471975511965976
5.659578592000001,1.0471975511965976
5.679344803,1.0471975511965976
5.680138014000001,1.0471975511965976
5.699073519000001,1.0471975511965976
5.699649553,1.0471975511965976
5.7191173420000005,1.0471975511965976
5.719517154,1.0471975511965976
5.739450048,1.0471975511965976
5.739932367000001,1.0471975511965976
5.759556735,1.0471975511965976
5.760266548000001,1.0471975511965976
5.779229226,1.0471975511965976
5.779579774,1.0471975511965976
5.799099314,1.0471975511965976
5.799626948,1.0471975511965976
5.8191762570000005,1.0471975511965976
5.819714867,1.0471975511965976
5.839114064,1.0471975511965976
5.8395684910000005,1.0471975511965976
5.859321499,1.0471975511965976
5.859662582,1.0471975511965976
5.879451403,1.0471975511965976
5.880091243000001,1.0471975511965976
5.898869806,1.0471975511965976
5.89934326,1.0471975511965976
5.919123178,1.0471975511965976
5.919464202,1.0471975511965976
5.938989004000001,1.0471975511965976
5.939417862,1.0471975511965976
5.9589830720000005,1.0471975511965976
5.959385685,1.0471975511965976
5.979264453000001,1.0471975511965976
5.9796336960000005,1.0471975511965976
5.9988613200000005,1.0471975511965976
5.999276780000001,1.0471975511965976
6.019168314000001,1.0471975511965976
6.019692513000001,1.0471975511965976
6.039204020000001,1.0471975511965976
6.039563597000001,1.0471975511965976
6.058882587,1.0471975511965976
6.059245109000001,1.0471975511965976
6.079042275,1.0471975511965976
6.079350431,1.0471975511965976
6.099092182000001,1.0471975511965976
6.100022626,1.0471975511965976
6.118936283,1.0471975511965976
6.119406578,1.0471975511965976
6.138964555,1.0471975511965976
6.139449202000001,1.0471975511965976
6.159244322,1.0471975511965976
6.159730033000001,1.0471975511965976
6.179417112,1.0471975511965976
6.179701681,1.0471975511965976
6.199081467,1.0471975511965976
6.199527688000001,1.0471975511965976
6.219195163,1.0471975511965976
6.219592993,1.0471975511965976
6.239147722,1.0471975511965976
6.239196227000001,1.0471975511965976
6.259056527,1.0471975511965976
6.259465775000001,1.0471975511965976
6.279227527000001,1.0471975511965976
6.279601118,1.0471975511965976
6.29886642,1.0471975511965976
6.299448571,1.0471975511965976
6.319128538,1.0471975511965976
6.319590413,1.0471975511965976
6.339023417000001,1.0471975511965976
6.33959894,1.0471975511965976
6.358742811000001,1.0471975511965976
6.359570974,1.0471975511965976
6.379836878000001,1.0471975511965976
6.380548482,1.0471975511965976
6.399116941000001,1.0471975511965976
6.399384539000001,1.0471975511965976
6.419130498,1.0471975511965976
6.4195676520000005,1.0471975511965976
6.439377192,1.0471975511965976
6.4396350380000005,1.0471975511965976
6.459039017,1.0471975511965976
6.459437151,1.0471975511965976
6.479040838,1.0471975511965976
6.479476054,1.0471975511965976
6.499168921000001,1.0471975511965976
6.499514522,1.0471975511965976
6.5191836080000005,1.0471975511965976
6.519580466000001,1.0294445778337942
6.5397504820000005,1.0294445778337942
6.540207409000001,1.0300400766638742
6.559241106,1.0300400766638742
6.559618315000001,1.0155905491767154
6.579203637,1.0155905491767154
6.57965741,1.015989395519875
6.599260185,1.015989395519875
6.599714239000001,1.0152108340618835
6.619258875000001,1.0152108340618835
6.619641693,1.015483800983213
6.639151947,1.015483800983213
6.63950081,1.0164651858715044
6.659166896,1.0164651858715044
6.659535142,1.0185137993750797
6.67907484,1.0185137993750797
6.6795551810000005,1.018453216841601
6.699196756,1.018453216841601
6.699774198,1.0171963150707708
6.71921482,1.0171963150707708
6.719624048,1.015290123140596
6.740459569,1.015290123140596
6.740977084000001,1.0179218563345895
6.759168178,1.0179218563345895
6.759537099,1.017499471744679
6.77939511,1.017499471744679
6.779673656000001,1.0167339394895063
6.79937573,1.0167339394895063
6.79958285,1.0171011637059675
6.819415955,1.0171011637059675
6.8196726960000005,1.0169148470369802
6.839458571000001,1.0169148470369802
6.839705813,1.0164194206801878
6.859353068000001,1.0164194206801878
6.859669423000001,1.0162143695262895
6.879781535,1.0162143695262895
6.880622128000001,1.0170166592208372
6.899291746,1.0170166592208372
6.900047617,1.0167896251288877
6.919346899000001,1.0167896251288877
6.91999353,1.0173523041514383
6.939597848,1.0173523041514383
6.9403711040000005,1.0170335124341474
6.959180770000001,1.0162242080179678
6.959634428,1.0162242080179678
6.979158442,1.0151273205039726
6.979646798,1.0151273205039726
6.999218348,1.0151273205039726
6.99983933,1.0173507432548032
7.019169614000001,1.0173507432548032
7.019693228,1.017701322874211
7.039171983,1.017701322874211
7.039597007,1.017985929465078
7.059418298000001,1.017985929465078
7.059870938,1.0164996783343778
7.0792257130000005,1.0157190120873676
7.080015351,1.0157190120873676
7.0988245580000005,1.016480347803019
7.099662916000001,1.016480347803019
7.119456326000001,1.0172645996419416
7.1201278640000005,1.0172645996419416
7.139102864000001,1.0169275279251562
7.1397177030000005,1.0169275279251562
7.1591705580000005,1.0164587746469007
7.159662823000001,1.0164587746469007
7.179123303000001,1.0164587746469007
7.179727144,1.0164396490065084
7.199170734000001,1.0167871366349683
7.1998692150000005,1.0167871366349683
7.219481676,1.022668438693665
7.220056614000001,1.022668438693665
7.23905108,1.022668438693665
7.239617302,1.0180717992691026
7.259252012,1.022696221908711
7.259586105,1.022696221908711
7.279394322000001,1.017712196996592
7.2797459710000005,1.017712196996592
7.2992103980000005,1.0220652396885381
7.299743103000001,1.0220652396885381
7.319107115,1.0220652396885381
7.319436840000001,1.0178239855078683
7.339251754,1.0164955060092435
7.339892304,1.0164955060092435
7.358969255000001,1.0170429374186025
7.359514827000001,1.0170429374186025
7.379350217000001,1.0225478584972845
7.379645243000001,1.0225478584972845
7.399316267000001,1.0167400973943697
7.399857376000001,1.0167400973943697
7.4192177930000005,1.0167400973943697
7.419550394000001,1.016907955249928
7.439358784,1.016907955249928
7.439741759,1.0171257133690343
7.459457125,1.0171257133690343
7.459712898,1.0169109019545541
7.479203681,1.0170214313177095
7.479741799,1.0170214313177095
7.499338135,1.0170214313177095
7.499888909,1.0170533980337606
7.518840187,1.0170533980337606
7.519242585000001,1.017142484625958
7.539785263000001,1.017142484625958
7.5400765320000005,1.0175771962014661
7.559671392,1.0175771962014661
7.560306489,1.017272005519055
7.579597301000001,1.017272005519055
7.579955858000001,1.016985065033816
7.599512074000001,1.016985065033816
7.5997150090000005,1.0173132519332395
7.619678990000001,1.0173132519332395
7.6199718590000005,1.0169261048642622
7.639073887,1.0178164697346912
7.639499733,1.0178164697346912
7.659348224,1.0178164697346912
7.659627672,1.0170449863282667
7.679738768000001,1.0170449863282667
7.680017255,1.022898050686501
7.699293454,1.022898050686501
7.699673639,1.0176158460883127
7.719645086000001,1.0176158460883127
7.720070430000001,1.016426800480269
7.739611433,1.016426800480269
7.740113164,1.0170106689540372
7.759060732000001,1.0170106689540372
7.759444389,1.0178056626675354
7.779304284,1.0170291612950788
7.779889722,1.0170291612950788
7.79924233,1.0166961724964605
7.800046623,1.0166961724964605
7.819449271000001,1.0166961724964605
7.819751974000001,1.016765488973044
7.839592204000001,1.016765488973044
7.84037977,1.0164617213515268
7.859257095,1.017573549142264
7.859954046,1.017573549142264
7.879307465,1.017573549142264
7.8798020630000005,1.0171693178919778
7.899498986,1.0171693178919778
7.900227186,1.0170545230714307
7.919207963000001,1.0170545230714307
7.919624031000001,1.0166542741564737
7.939539559000001,1.0166542741564737
7.9402818260000005,1.0160271550623403
7.959460832,1.0160271550623403
7.960142901,1.01737928642907
7.9792424340000006,1.01737928642907
7.979516827,1.0171778003779874
7.999240751,1.0171778003779874
7.999770755,1.0170614558366762
8.019479385,1.0170614558366762
8.019863206,1.0168118017820345
8.039138538000001,1.0168118017820345
8.039460096000001,1.0165431450215803
8.059238844000001,1.0171765933839307
8.059913807000001,1.0171765933839307
8.079384878,1.0170985932556615
8.079922265,1.0170985932556615
8.09936453,1.0170985932556615
8.099559802,1.016966691902064
8.119329395000001,1.016966691902064
8.11991577,1.0168106916455255
8.139214243,1.0168106916455255
8.139574626,1.017150035789393
8.159231817,1.017150035789393
8.159530252,1.0166571314541326
8.179325566000001,1.0166571314541326
8.180032114000001,1.017390194079064
8.199124127000001,1.017390194079064
8.199471396,1.0168762828318105
8.219158949,1.0168762828318105
8.219534366000001,1.016449602982186
8.23914148,1.016449602982186
8.239520616,1.0172531108466611
8.259376363000001,1.0172531108466611
8.259438787,1.0173766228465067
8.279216065,1.0175669442025648
8.279608875000001,1.0175669442025648
8.299381363,1.017234335383557
8.29977876,1.017234335383557
8.319254116,1.017234335383557
8.319506613,1.0172885905114637
8.339320544000001,1.0172885905114637
8.339685841,1.0167721758691297
8.359590446,1.0167393113581167
8.360194474,1.0167393113581167
8.378956191,1.01679265006461
8.379549447,1.01679265006461
8.399326713,1.01766024782338
8.399948686,1.01766024782338
8.418969857,1.01766024782338
8.419530784,1.0169105480519758
8.439227868,1.0169105480519758
8.439972209,1.0170283231047617
8.459572383000001,1.0170283231047617
8.459896358,1.0169901873079763
8.479042699,1.0169857095090375
8.479656334000001,1.0169857095090375
8.498909393,1.0169857095090375
8.499562592,1.0174133802858816
8.519454448000001,1.0174133802858816
8.520116764,1.0171112070886121
8.539521065,1.0171112070886121
8.540121112000001,1.016959017804049
8.560095675000001,1.016959017804049
8.560726285000001,1.0168082962838636
8.579537352000001,1.0168082962838636
8.580172191,1.0169332015422807
8.600318341000001,1.0169332015422807
8.600988346000001,1.016853484055184
8.619279694000001,1.016853484055184
8.619947667,1.0167360368279443
8.639366192,1.0167360368279443
8.640338062,1.0168686273602472
8.659272618000001,1.0168686273602472
8.660003108,1.01629138617792
8.679142627000001,1.01629138617792
8.679800464000001,1.0164307679144369
8.699124459,1.0164307679144369
8.70009416,1.017154167136334
8.719226642,1.017154167136334
8.719862705,1.0173233996240125
8.739407856,1.0173233996240125
8.740203164,1.0166582415906416
8.75936907,1.0173447902409063
8.760118549000001,1.0173447902409063
8.779181679,1.0169839996007906
8.780006496,1.0169839996007906
8.799173651,1.016953999838017
8.799942973,1.016953999838017
8.818846711,1.016953999838017
8.819497703,1.0171805384663568
8.839312496,1.0170435856191145
8.839977703,1.0170435856191145
8.859236073,1.0164491447714792
8.859914876000001,1.0164491447714792
8.879155289,1.0164491447714792
8.879722795000001,1.0166453111080156
8.89915908,1.0166453111080156
8.899823641000001,1.0166366721598135
8.919564899000001,1.0166366721598135
8.920328612,1.016919924607657
8.93902135,1.016919924607657
8.939439302,1.0172137382534967
8.959723619,1.0172137382534967
8.960014355,1.0170392195788847
8.979629665000001,1.0170392195788847
8.979925454,1.01717720805683
8.999113309,1.01717720805683
8.999633136,1.0169311042038427
9.019434447,1.0169311042038427
9.019760776,1.0171949776915536
9.039222647,1.0171949776915536
9.039562659000001,1.0174971322623716
9.059161378,1.0174971322623716
9.059460871,1.0169857840148435
9.07906065,1.0170787188319192
9.079721314,1.0170787188319192
9.099067975,1.0170787188319192
9.099386403,1.0167445118633733
9.11904922,1.0167445118633733
9.119892291000001,1.017176597109221
9.139055262000001,1.017176597109221
9.139705525,1.0178834523169027
9.159265778,1.0178834523169027
9.159852401,1.017613677969359
9.179155733,1.017613677969359
9.179542023,1.0172749708501325
9.199175857,1.0172749708501325
9.199583492,1.0225142563787923
9.219144312000001,1.0225142563787923
9.219463935,1.0176694641915784
9.239049163,1.0176694641915784
9.239452151,1.0170044663456903
9.259045996000001,1.0171219880787359
9.259411635000001,1.0171219880787359
9.279532212000001,1.0171219880787359
9.279601241,1.0170212487784849
9.299483881,1.0170212487784849
9.299854011,1.016962985238217
9.319308703,1.016962985238217
9.31961038,1.0169382195083128
9.339354526000001,1.0169382195083128
9.339619946000001,1.016783649763249
9.35944656,1.016783649763249
9.359607838,1.016955147227429
9.379446611,1.016955147227429
9.38009457,1.017089674910687
9.399192741,1.017089674910687
9.400024057000001,1.0168915825990663
9.420598031,1.0168915825990663
9.421234515,1.0166806603876577
9.439712697000001,1.0166806603876577
9.440382134,1.0161711934117303
9.458993809,1.0165917116312013
9.459476552,1.0165917116312013
9.479167025,1.0175593222586141
9.479473885,1.0175593222586141
9.498769393,1.0168160672394262
9.49924123,1.0168160672394262
9.519329238000001,1.0168160672394262
9.519771418000001,1.0170733432380186
9.539820212,1.0170733432380186
9.54034996,1.0170117492882238
9.5593644,1.0170117492882238
9.559972043,1.0168616536168085
9.579606649,1.0168616536168085
9.579937384,1.0172161038128362
9.599483618,1.0172161038128362
9.599861011,1.0163968230692373
9.619232858,1.0163968230692373
9.619452704,1.0169182445017324
9.63941265,1.0168550486771093
9.639649105,1.0168550486771093
9.659201669,1.0168550486771093
9.659532872,1.0168561662641988
9.679045802000001,1.0168561662641988
9.679427535,1.0167750219909177
9.699301743000001,1.0167750219909177
9.699700014000001,1.01733135684409
9.719320643000001,1.01733135684409
9.719716415,1.0171179982928262
9.739018939000001,1.0171179982928262
9.739320802,1.0172767813412176
9.759334834,1.0172767813412176
9.759678302000001,1.01697999863901
9.779758152000001,1.01697999863901
9.780347121,1.017022634586476
9.799201487000001,1.017022634586476
9.79951566,1.017449694415711
9.819291546,1.017449694415711
9.819840915,1.0175007010904775
9.839506468,1.0175007010904775
9.840156062,1.0167254756299482
9.859392272000001,1.0167254756299482
9.859998505,1.0170197363106237
9.879841051000001,1.0171350191442
9.880665458000001,1.0171350191442
9.899003628,1.0168854693976865
9.899672343,1.0168854693976865
9.919411414,1.0168854693976865
9.919899222,1.0167277182547079
9.939419348000001,1.0167277182547079
9.939713421,1.0165907914844976
9.959260509,1.0165907914844976
9.959611383,1.016610729238175
9.979413225,1.016610729238175
9.980206173000001,1.0170988763777242
9.999466655,1.0170988763777242
10.000154167,1.0170914555994497
10.019078460000001,1.0170914555994497
10.01973589,1.017640388300799
10.039122839000001,1.017640388300799
10.039752692,1.0173509742228017
10.059039687,1.0173509742228017
10.059742810000001,1.016420847466372
10.079574038,1.016420847466372
10.080213597,1.0173381145206914
10.09972016,1.0173381145206914
10.100315184000001,1.0170750121680723
10.119167705,1.0170750121680723
10.119783235,1.017023297688149
10.139291451,1.017023297688149
10.139953089,1.0167561869231687
10.159052359,1.0167561869231687
10.159673607,1.0166348281411157
10.179444167,1.0166348281411157
10.180252527,1.016598659297608
10.199076878000001,1.016598659297608
10.199608487,1.0169729541150556
10.219244232000001,1.0169729541150556
10.219741649000001,1.0172151128856168
10.239127354,1.0172151128856168
10.239598606000001,1.0165291565565095
10.258921274,1.0165291565565095
10.259677974,1.0167821745482908
10.279251602,1.0167821745482908
10.279755271,1.0170675243345724
10.299069679,1.0170675243345724
10.299483304,1.0167873527018056
10.318953375000001,1.0167873527018056
10.319558204,1.0168556745258794
10.339605603,1.0168556745258794
10.340159103000001,1.0173782806006895
10.358978444,1.0173782806006895
10.359493097000001,1.0170663992969022
10.379327247,1.0170663992969022
10.380106271,1.0171474578885065
10.399269255,1.0166034202186094
10.399640922000001,1.0166034202186094
10.419224945,1.0166034202186094
10.41975728,1.0170309829620348
10.439469988,1.0172534871009813
10.439792098,1.0172534871009813
10.458928276,1.0169629703370557
10.459349208,1.0169629703370557
10.479067749,1.0169629703370557
10.479398119,1.0169107194153295
10.499368493,1.0169107194153295
10.499629229,1.0168532791642175
10.519676064,1.0168532791642175
10.520412652000001,1.016995801320456
10.539343468,1.016995801320456
10.540001215,1.0175207357017026
10.559550003,1.0175207357017026
10.560381315,1.016969750365399
10.579592341000001,1.016969750365399
10.58027944,1.0168595153001772
10.599663316000001,1.0168595153001772
10.600547432,1.017015832206391
10.61973245,1.017015832206391
10.620658368,1.0169711808768735
10.639422994,1.0169711808768735
10.639984109,1.01702168836274
10.659941718,1.01702168836274
10.660827614,1.0172864670959936
10.679480925,1.0172864670959936
10.679694878000001,1.017222567191504
10.699026479,1.017222567191504
10.699603785,1.0168571311143861
10.719701045,1.0168571311143861
10.720182657,1.0168342690078245
10.739585953,1.0168342690078245
10.740014874,1.0163732121793256
10.759221971,1.0163732121793256
10.759722987,1.0175250384119974
10.779564331000001,1.0175250384119974
10.780100031,1.01705701156535
10.799464938,1.01705701156535
10.800201649,1.0174436817971693
10.820320783000001,1.0164985011426435
10.820786031,1.0164985011426435
10.839964761000001,1.0164985011426435
10.840556665000001,1.016697077742003
10.859278463,1.0166649396625982
10.859697223000001,1.0166649396625982
10.878974136,1.0166649396625982
10.879307598,1.0172842170206533
10.899245913000001,1.0172842170206533
10.899470779000001,1.0168912994770036
10.919310739,1.0168912994770036
10.919692162,1.0166782463995443
10.939355681,1.0166782463995443
10.939497509,1.0168648871687875
10.959242944000001,1.0168648871687875
10.95959477,1.0167546595541463
10.979398793000001,1.0167546595541463
10.979711861,1.017152855834149
10.999405863000002,1.017152855834149
10.999576963,1.0168627265004144
11.019409978,1.0168627265004144
11.020138136,1.0165122698155866
11.03930686,1.0165122698155866
11.039548963000001,1.016732251933001
11.059424469000001,1.016732251933001
11.059707698,1.017184248855494
11.079461517,1.017184248855494
11.07958013,1.0172141480354295
11.099136669,1.0172141480354295
11.09937755,1.0168779145089613
11.11946462,1.0168779145089613
11.120062274,1.0162521588710771
11.139365814000001,1.0162521588710771
11.139918537000002,1.0170433136729227
11.158878896000001,1.0170433136729227
11.159539565000001,1.0166048730818258
11.179469755000001,1.0166048730818258
11.180144037,1.0171272854415403
11.199475536000001,1.0171272854415403
11.200108136,1.0168738613931165
11.219139542,1.0169303889481054
11.219705369000001,1.0169303889481054
11.23932944,1.0165207448510156
11.239793303,1.0165207448510156
11.25936006,1.0165207448510156
11.259943100000001,1.0164926673380361
11.279512079,1.0164926673380361
11.279652282,1.0165908510891424
11.299531599000002,1.0165908510891424
11.299570070000001,1.0172817248014436
11.319150889000001,1.0172817248014436
11.319551354000001,1.0171786348430143
11.339103641000001,1.0171786348430143
11.339472378,1.0174479174522386
11.359158651000001,1.0172551746574865
11.359665859000001,1.0172551746574865
11.379073522,1.0172551746574865
11.37986291,1.0170596974996553
11.399165915000001,1.0170596974996553
11.399473174,1.0167038018909917
11.419322690000001,1.0167038018909917
11.419929292,1.0164875785914884
11.439034091,1.0164875785914884
11.439409338,1.0169890697208868
11.459071790000001,1.0169890697208868
11.459422317000001,1.0170021119622217
11.479299939,1.0167902435270773
11.479924997000001,1.0167902435270773
11.499092520000001,1.0166714477447496
11.499571963000001,1.0166714477447496
11.519216724000001,1.0166714477447496
11.51962911,1.0175025153068529
11.539140071,1.0167950267998205
11.539719444000001,1.0167950267998205
11.559268708000001,1.0167950267998205
11.559562952,1.0168553392497526
11.579632456,1.0168553392497526
11.580131831000001,1.0171422387567983
11.599488717,1.0171422387567983
11.600109412,1.01701382427492
11.620380124,1.0166716675368772
11.620815151,1.0166716675368772
11.639501329000002,1.0170882071463094
11.640113335,1.0170882071463094
11.659449917,1.0170882071463094
11.65995404,1.016867938181542
11.679031105,1.0162081557420717
11.679531964,1.0162081557420717
11.699179845000002,1.0167432452646719
11.699738355000001,1.0167432452646719
11.719023448000002,1.0167432452646719
11.719415652,1.0169047365991102
11.739085018,1.0169047365991102
11.739452624,1.017186830481671
11.759223358,1.017186830481671
11.759604790000001,1.016695006480597
11.779166744000001,1.016695006480597
11.779542395,1.0172977360991464
11.799320395,1.0172977360991464
11.79959921,1.0166097979156004
11.819525781000001,1.0166097979156004
11.819850558,1.0171256314126478
11.83923814,1.0171256314126478
11.839476782,1.017591948351048
11.859032583000001,1.017591948351048
11.859457485,1.017229954442166
11.879536282,1.017229954442166
11.880099578000001,1.0173347915617452
11.898965813,1.0173347915617452
11.899305001,1.016900340756558
11.919235401,1.016551966509007
11.919624778000001,1.016551966509007
11.939695801000001,1.016551966509007
11.940021264,1.0170738461522089
11.959143052,1.0170738461522089
11.959488317,1.0169770631102548
11.979332412000002,1.0169770631102548
11.979709041000001,1.0170955198911653
11.999436457000002,1.0170955198911653
11.999767559,1.0168210256008134
12.019240319000001,1.0168210256008134
12.019460433,1.0169562536386476
12.039347659,1.0169562536386476
12.039717575000001,1.0169217909780965
12.058974641,1.0169217909780965
12.059415516000001,1.017113203844212
12.07900622,1.0173693920580373
12.079497289,1.0173693920580373
12.099357881000001,1.0173693920580373
12.099768264000001,1.0168722781447397
12.119246284,1.0168722781447397
12.119556081,1.0169045987633691
12.139356763,1.0169045987633691
12.139985241000002,1.0167556355802045
12.159286206,1.0173581342307554
12.159686173,1.0173581342307554
12.179126850000001,1.0173581342307554
12.179454188000001,1.0175374101010786
12.199378842000002,1.0175374101010786
12.199872341,1.0172101247219072
12.219350169,1.0172101247219072
12.219591085000001,1.0168849553076253
12.239146981000001,1.0168849553076253
12.23954565,1.0168214242068754
12.259183175,1.0168214242068754
12.259596530000001,1.016761208614491
12.279250663000001,1.0174148629514204
12.279723764000002,1.0174148629514204
12.299026314,1.0174148629514204
12.299536922000001,1.017672466775559
12.319076336,1.017672466775559
12.319433353,1.0167839142588602
12.339570831000001,1.0167839142588602
12.340031977,1.0164063002077566
12.359076729000002,1.0164063002077566
12.359374115000001,1.0166422749964223
12.379060635,1.0166422749964223
12.379543016000001,1.0174519333151804
12.399156923000001,1.0174519333151804
12.399482977,1.0165805879143701
12.419425960000002,1.0165805879143701
12.419767322,1.016833740016602
12.439018887000001,1.016833740016602
12.439412413000001,1.0167442659942136
12.458942498,1.0167442659942136
12.45929139,1.0165803941992746
12.479033316,1.0165803941992746
12.479408919,1.016828833809279
12.499123914,1.016828833809279
12.499629395000001,1.0174049909321294
12.519534709,1.0174049909321294
12.519852424000002,1.0172796125618444
12.539339347,1.0172796125618444
12.539673152,1.0169827143756376
12.559473671000001,1.0169827143756376
12.56022321,1.016638214429997
12.579621620000001,1.016638214429997
12.580003392,1.0165201599804388
12.599783546000001,1.0165201599804388
12.600463215000001,1.0171142096725927
12.619636709000002,1.0171142096725927
12.620284355,1.0168213795033918
12.639369304,1.0168213795033918
12.639511064,1.0173315505591856
12.659227248,1.0173315505591856
12.659625956000001,1.0167476746348367
12.679486520000001,1.0167476746348367
12.679823821000001,1.0164811040369497
12.699260406,1.0164811040369497
12.699606526,1.0165549430159555
12.719425416,1.0165549430159555
12.719703257,1.0172037283984647
12.739185154000001,1.0172037283984647
12.739800721,1.0172335716990457
12.759189862000001,1.0172335716990457
12.759488552,1.0166711236444936
12.779202791000001,1.0166711236444936
12.779613260000001,1.0171133230535017
12.799368130000001,1.0171133230535017
12.799852855000001,1.0168503436354623
12.819164311000002,1.0168503436354623
12.819538803,1.016967403432511
12.839357939000001,1.016967403432511
12.839760248000001,1.0174401166943536
12.859184211,1.0170125800279604
12.859907625,1.0170125800279604
12.879404692000001,1.0170125800279604
12.879661923,1.0169139864949213
12.899464542,1.0169139864949213
12.900040873,1.016768096676253
12.919066478000001,1.0172080981639848
12.919709592,1.0172080981639848
12.939290778,1.0172080981639848
12.939524735,1.0166415001360403
12.95939249,1.0168681207207666
12.959948182000002,1.0168681207207666
12.979136518,1.0167941327301488
12.979392043,1.0167941327301488
12.999437175,1.0167941327301488
12.999678717,1.0163639734593855
13.019203500000001,1.0163639734593855
13.019668880000001,1.0167713786570058
13.039023497,1.0167713786570058
13.039327270000001,1.016836284389876
13.059118523,1.0170282858518587
13.059458275,1.0170282858518587
13.079427669000001,1.0170282858518587
13.079980914,1.0169966469613538
13.099371269,1.0169966469613538
13.099440066000001,1.016507881423615
13.119310191,1.016507881423615
13.119603644000001,1.0169634397236333
13.139159656,1.0169634397236333
13.139532363,1.0169195930568204
13.159298312,1.0169195930568204
13.159540299000001,1.0167858067063318
13.179301766,1.0170543815103994
13.179701739,1.0170543815103994
13.199045394,1.0170543815103994
13.199421326000001,1.0168674538938032
13.21923589,1.0168674538938032
13.219564749000002,1.0168535138575063
13.239102763,1.0168535138575063
13.239540943000002,1.0169461171237455
13.258813663000002,1.0169461171237455
13.259186179,1.0164221773950086
13.279256409,1.0164221773950086
13.279534846,1.0170213828889356
13.299344346000002,1.017087391307734
13.299615796000001,1.017087391307734
13.319367151000002,1.0169652874676214
13.319647972,1.0169652874676214
13.338880425000001,1.0172145391909109
13.339362372,1.0172145391909109
13.359345181,1.0172145391909109
13.359720446,1.017282279869698
13.37918977,1.017282279869698
13.379536068,1.016488685002707
13.399242195000001,1.0165153506306635
13.399685041000001,1.0165153506306635
13.419284698,1.016592743536614
13.419787452000001,1.016592743536614
13.439181257000001,1.017279858431004
13.439548259,1.017279858431004
13.459137732,1.0174312654046045
13.459546069000002,1.0174312654046045
13.479358967000001,1.0174312654046045
13.480234252,1.0171847070662008
13.49923904,1.0171847070662008
13.499627561,1.01693780972638
13.519345676,1.01693780972638
13.519735125,1.0167552183476911
13.538934398,1.0167949150411115
13.539667221,1.0167949150411115
13.559432859000001,1.0167949150411115
13.559842615,1.0172417189089284
13.579592639000001,1.0176125715581403
13.580253215,1.0176125715581403
13.599059856,1.0163932393399702
13.599293366000001,1.0163932393399702
13.619324164,1.016202169200562
13.620124054000001,1.016202169200562
13.6393518,1.017131264051579
13.640101072,1.017131264051579
13.659129244,1.017690664818667
13.659667911000001,1.017690664818667
13.679204256,1.017690664818667
13.680033246,1.016629452547215
13.699316708000001,1.016629452547215
13.699998426,1.016865468314074
13.719387609,1.016865468314074
13.720015432,1.0167113046256528
13.739408883000001,1.0167113046256528
13.740023951000001,1.0166538830009924
13.759505502000001,1.0166538830009924
13.76030787,1.0164843301383482
13.779116004,1.0164843301383482
13.779801860000001,1.0176090064553247
13.799304323000001,1.0173960539607034
13.799990816000001,1.0173960539607034
13.81912795,1.0166676144210325
13.819808932,1.0166676144210325
13.839083277,1.0166676144210325
13.839606162,1.0161959256140218
13.859310641,1.01659943415799
13.859755409000002,1.01659943415799
13.87908191,1.0175252284018026
13.879904928,1.0175252284018026
13.899186365,1.0175252284018026
13.899889411,1.016784573635243
13.919038714000001,1.0167819212285505
13.919624288000001,1.0167819212285505
13.939146021,1.0167819212285505
13.939429135000001,1.0165772686807142
13.959094486000001,1.0165772686807142
13.959495032000001,1.0168716783730016
13.979114154000001,1.0168716783730016
13.979471455,1.0169538471011148
13.998873695,1.0169538471011148
13.999238623,1.0166868890730367
14.019162978,1.0166868890730367
14.019566688000001,1.0170484769252763
14.039473127,1.0170484769252763
14.040273549,1.0172089326290117
14.059057318,1.0172089326290117
14.059744700000001,1.0164082932380663
14.07929777,1.0164082932380663
14.079625751,1.0168620373217092
14.099466736,1.0168620373217092
14.099789398,1.0177815842536913
14.119059642000002,1.0177815842536913
14.119536969,1.0168624173013197
14.139083584000002,1.0168624173013197
14.139768938000001,1.016764527848147
14.159236633,1.016764527848147
14.160049266000001,1.0165525253025518
14.179175019,1.0165525253025518
14.179627747000001,1.0170475344268308
14.199233837000001,1.0170475344268308
14.199526621,1.0168415444997774
14.219212063,1.0168415444997774
14.21966952,1.0174629527238832
14.239370114000002,1.0174629527238832
14.239733191000001,1.0169180545119272
14.259271952,1.0169180545119272
14.259550096000002,1.0164626005200372
14.278780803,1.016532431086682
14.279538895000002,1.016532431086682
14.299425958,1.016673463126801
14.299929882,1.016673463126801
14.318953765000002,1.0174645955769048
14.319494762000001,1.0174645955769048
14.339076764000001,1.0174645955769048
14.339401465000002,1.0167225699035154
14.359369989000001,1.0167225699035154
14.359669261,1.0164324815479742
14.378935067,1.0164324815479742
14.379554227000002,1.016894112071179
14.398986334000002,1.016894112071179
14.399318213,1.0170317876247392
14.419059536,1.0178447148857341
14.419635041000001,1.0178447148857341
14.439228125000001,1.0178447148857341
14.439620639000001,1.0169558922854887
14.459141978000002,1.0169558922854887
14.459603833000001,1.0166946488527284
14.479374366,1.0166946488527284
14.479547547000001,1.0166842254904733
14.499574056,1.0166842254904733
14.499688183000002,1.0169587607590185
14.519276435,1.0169587607590185
14.519543613000002,1.0169878403750883
14.539460905,1.0169878403750883
14.539758796000001,1.0168318587450014
14.559252011000002,1.016609481265925
14.559680722000001,1.016609481265925
14.579627986,1.016609481265925
14.579710017,1.0163582067100034
14.599491657000002,1.0163582067100034
14.599690921,1.017536467602633
14.619004589000001,1.017536467602633
14.619332142000001,1.0174326400367246
14.639526362000002,1.0174326400367246
14.639792430000002,1.0169321249333845
14.659293167000001,1.0169321249333845
14.659723728000001,1.0166685010401235
14.679327324,1.0166685010401235
14.679385182,1.016870635291718
14.699010410000001,1.016870635291718
14.699416723,1.0170582111088262
14.719353732,1.0170582111088262
14.719902734000001,1.017027280023478
14.739200741000001,1.017027280023478
14.739482425,1.0172258640734182
14.758856300000001,1.0172258640734182
14.759439507000002,1.0170706312266813
14.779497094000002,1.0170706312266813
14.779931432000001,1.0165703806189523
14.799153937000002,1.0165703806189523
14.799542361,1.0167468327192293
14.819270682,1.0167468327192293
14.819952589000001,1.0169587533084379
14.839013247,1.0169587533084379
14.839588586000001,1.016841466268681
14.859016508000002,1.016841466268681
14.859412106,1.017203944465302
14.879428499000001,1.017203944465302
14.879864461,1.0165416213778482
14.898929167,1.0165416213778482
14.899281838,1.0175025600103365
14.919258581000001,1.0175025600103365
14.919450809,1.0167355041114317
14.93920761,1.0167355041114317
14.939629966000002,1.016973907789372
14.958683035000002,1.016973907789372
14.959596185,1.0175111393538938
14.979040324000001,1.0175111393538938
14.979462614000001,1.0167631122378336
14.999273425,1.0167631122378336
14.99966095,1.0168860430923925
15.019191028000002,1.0168860430923925
15.019465067,1.016696090540074
15.039176499000002,1.016696090540074
15.039541016000001,1.0168808425871358
15.059384211000001,1.0168808425871358
15.059612867,1.0172326739040838
15.079153134,1.0172326739040838
15.07945521,1.0169515560475813
15.099331268,1.0169515560475813
15.099703005,1.0170016686526762
15.119389455,1.0170016686526762
15.119706188,1.0163500334230886
15.139170301000002,1.0163500334230886
15.139459930000001,1.0171114492324815
15.159506267000001,1.0171114492324815
15.160038525000001,1.016892078062676
15.178756213000002,1.0169872964827047
15.179609619,1.0169872964827047
15.199320976000001,1.0169872964827047
15.199629403000001,1.016828859886311
15.219727910000001,1.016828859886311
15.219986943,1.0166251908151136
15.23930591,1.0166251908151136
15.239636399,1.0167329522875772
15.259377822000001,1.0167329522875772
15.259798193000002,1.016180976024054
15.279281015,1.016180976024054
15.279606384000001,1.0169622476307378
15.299334502,1.0169622476307378
15.299573034000002,1.016734047522925
15.319349622,1.016734047522925
15.319617707,1.0170238229540811
15.339393331,1.0169012832550035
15.339736766000001,1.0169012832550035
15.359483338,1.0169012832550035
15.359505286000001,1.0166921864358411
15.3793111,1.0175988140610681
15.379705604000002,1.0175988140610681
15.399688193000001,1.0175988140610681
15.399713536,1.0170391040948854
15.419292308000001,1.0170391040948854
15.419994838000001,1.0168682771829591
15.439303128,1.0168682771829591
15.439629228000001,1.0164780343977438
15.459289721000001,1.0164780343977438
15.459732689,1.0163486848680006
15.480121864000001,1.0163486848680006
15.480466243,1.0171738850978838
15.499110805,1.017155389031552
15.499704963000001,1.017155389031552
15.518969276000002,1.017155389031552
15.519519035000002,1.016407492300652
15.538902401000001,1.016407492300652
15.539543598000002,1.017089861175202
15.560802590000002,1.017089861175202
15.561139071000001,1.0165758158174978
15.579494862,1.0165758158174978
15.580172598,1.017358093252562
15.599088113,1.017358093252562
15.599801688000001,1.017366329869412
15.61955393,1.017366329869412
15.619611183000002,1.016826337864779
15.639077428,1.016826337864779
15.639391916000001,1.0169736395684705
15.659375303000001,1.0169736395684705
15.659630174,1.0165087866691576
15.67922219,1.0165087866691576
15.679631322,1.0172690178362356
15.699018367,1.0172690178362356
15.699581004,1.0181662093011365
15.719138526000002,1.0181662093011365
15.719552803000001,1.017113703033112
15.739241936,1.017113703033112
15.739950518,1.0168845231739507
15.759156423,1.0168845231739507
15.759479077000002,1.0169831278828607
15.779079877000001,1.0169831278828607
15.779363547,1.0171850311664568
15.799145252,1.0171850311664568
15.799631539000002,1.0168383519259916
15.819207471,1.0168383519259916
15.819624499000001,1.0172945994047151
15.839200868,1.0172945994047151
15.839700612000001,1.0170370961634145
15.859121542,1.0170370961634145
15.859526652000001,1.01662464692273
15.879232357000001,1.0166639859882818
15.879654010000001,1.0166639859882818
15.898932310000001,1.0166639859882818
15.899431267,1.0173347729352937
15.918920817000002,1.017585145970963
15.919456421000001,1.017585145970963
15.939563266,1.0170939887968526
15.940012920000001,1.0170939887968526
15.959118645,1.0168444465009199
15.959545724000002,1.0168444465009199
15.979087316000001,1.0168444465009199
15.979552450000002,1.016721578976296
15.999461429,1.016721578976296
15.999813406000001,1.0167702089158521
16.019653028,1.0167702089158521
16.02025339,1.017693298598908
16.039323413,1.0173557276932226
16.039621443,1.0173557276932226
16.059287790000003,1.017325165411614
16.059796067,1.017325165411614
16.079089757000002,1.017325165411614
16.079522834000002,1.0169514182118402
16.099046238,1.0169514182118402
16.099420482,1.0166640977469907
16.119401444,1.0166640977469907
16.119541575,1.0171999286023603
16.13948036,1.0171999286023603
16.139758852,1.0174131344167219
16.159138922,1.0174131344167219
16.159561871,1.016771319052361
16.179250760000002,1.016771319052361
16.179674519000002,1.017209748467587
16.199227821,1.017209748467587
16.199583647,1.0165196533409582
16.219670095,1.0165196533409582
16.220051530000003,1.017218298008822
16.239148253,1.017218298008822
16.239383749,1.0176685626713262
16.259185029,1.0176685626713262
16.259565557000002,1.0165581281391607
16.279249944,1.0167854937819467
16.279628784,1.0167854937819467
16.298962517,1.0167854937819467
16.299407602000002,1.0168635274378286
16.319107770000002,1.0168635274378286
16.319442806,1.016939270040177
16.339312321,1.016939270040177
16.339528411,1.0169569800702558
16.359083373,1.0169569800702558
16.359422242,1.017148426463984
16.378855237,1.017148426463984
16.379173479000002,1.016722152671002
16.398765734,1.017387884399079
16.399457324,1.017387884399079
16.419034901,1.017387884399079
16.419593368,1.0171636852530466
16.438925702000002,1.0167670759467111
16.439430407,1.0167670759467111
16.459261289,1.0167670759467111
16.459635341000002,1.0168712052611337
16.479166099,1.0168712052611337
16.479586324,1.0170367757884489
16.499395125,1.0170367757884489
16.499670409,1.0169283027855383
16.518878008,1.0170110675600992
16.519558160000003,1.0170110675600992
16.539049151,1.0170110675600992
16.539306596,1.0174017052260862
16.559823559,1.0174017052260862
16.560448062000003,1.0170334863571153
16.579268578,1.0170334863571153
16.579855437000003,1.0170320930985437
16.599127739,1.0170320930985437
16.59954042,1.0173983226624952
16.619235516,1.0173983226624952
16.61963016,1.0168885427621828
16.639319642,1.0168885427621828
16.639859122,1.0166110347119794
16.659470055,1.0166110347119794
16.659612312,1.01731363191285
16.679277376,1.01731363191285
16.679846213,1.0175115714875684
16.698999450000002,1.0175115714875684
16.699383873000002,1.0170942123142706
16.719026615,1.0170942123142706
16.719330188,1.0167905937043653
16.739345857,1.0167905937043653
16.739706667,1.0166753406731115
16.759508851,1.0166753406731115
16.759831145,1.017051118156098
16.778760184,1.017051118156098
16.779500824,1.0173955324200616
16.799268412,1.0173955324200616
16.799591631000002,1.0170175830928312
16.81878138,1.0170175830928312
16.819429719000002,1.0168924058882223
16.83941531,1.0168924058882223
16.839616068,1.0166714812723623
16.859330674000002,1.0166714812723623
16.859744915,1.0169924001304136
16.879247486,1.0169924001304136
16.879688727,1.0172281029728876
16.899142241,1.017326912572764
16.899858377,1.017326912572764
16.918807897,1.016198112359427
16.919351727000002,1.016198112359427
16.939277026000003,1.016993115386151
16.939331982000002,1.016993115386151
16.958729629,1.016995987584971
16.959413052000002,1.016995987584971
16.979298978000003,1.016995987584971
16.979858176,1.0175831045118795
16.999046943,1.0175831045118795
16.99939767,1.0172753322032915
17.019047407000002,1.0172753322032915
17.019740933,1.017072076639317
17.039031807,1.017072076639317
17.039432583,1.0147526457069145
17.059091195,1.0147526457069145
17.05943912,1.0175830151049123
17.079266070000003,1.0175830151049123
17.079581541,1.0174924234954343
17.098877979,1.0166149648932443
17.099446182,1.0166149648932443
17.119066023000002,1.0172713014391885
17.119715211000003,1.0172713014391885
17.139200446,1.0172713014391885
17.139645654000002,1.0163971732465253
17.159118487,1.0163971732465253
17.159390272,1.0169579970745073
17.179388431,1.0169579970745073
17.180134642000002,1.0173512461689935
17.19947545,1.0173512461689935
17.199565916,1.0172041977850423
17.218973503,1.0172041977850423
17.21945904,1.0168310838846193
17.239414921,1.017044453611754
17.239655765000002,1.017044453611754
17.259431287,1.017044453611754
17.260070902000002,1.0168107624260412
17.279086510000003,1.0168107624260412
17.279743383,1.0171754683462606
17.299163577,1.0171754683462606
17.299877321,1.0173119145540224
17.319470617,1.0170473667887674
17.319883692,1.0170473667887674
17.339316864,1.0170473667887674
17.339629371,1.0173389117328153
17.359120166,1.0164293448535429
17.359500046,1.0164293448535429
17.379099076000003,1.0164293448535429
17.379969698,1.0164645600227342
17.398935892,1.0164645600227342
17.399299563,1.017115859976195
17.419063593,1.0169160987345205
17.419533544,1.0169160987345205
17.439256974000003,1.0169525432495103
17.439590023,1.0169525432495103
17.459332811,1.0163344393578992
17.459857844000002,1.0163344393578992
17.479293032,1.0163344393578992
17.480009487,1.0169068227616773
17.498894396,1.0172639141885267
17.499319918,1.0172639141885267
17.519040081,1.0172639141885267
17.51993698,1.016274313172482
17.539704067000002,1.016274313172482
17.540396937,1.0163579310385213
17.559297636,1.0164513054398523
17.559613888,1.0164513054398523
17.580964915000003,1.0171817417351232
17.581433957,1.0171817417351232
17.599448853000002,1.0172304983345495
17.599975631,1.0172304983345495
17.618915871000002,1.0169767054823862
17.61954884,1.0169767054823862
17.639197663,1.0169767054823862
17.639610501,1.016572235813521
17.659231362,1.016443277439259
17.6598344,1.016443277439259
17.679052260000002,1.016519452175282
17.679434511,1.016519452175282
17.699454714,1.016519452175282
17.700023456,1.0171532730666624
17.719204452,1.0171532730666624
17.720001691,1.0169267940429674
17.739069231000002,1.0169267940429674
17.739644895,1.0168349730876909
17.759346821,1.0168349730876909
17.759640796,1.0169716949669347
17.779264184000002,1.0169716949669347
17.779848364,1.0167099784223066
17.799523831000002,1.0167099784223066
17.80016325,1.0171007054952608
17.819256543,1.0168129230944143
17.819634731,1.0168129230944143
17.839109099,1.0171950223950372
17.839484426000002,1.0171950223950372
17.859221237,1.017212132653378
17.859799044000003,1.017212132653378
17.879549616000002,1.0168278540579305
17.880243478,1.0168278540579305
17.899073968,1.016592493942164
17.899521202000003,1.016592493942164
17.919547551,1.01704228176751
17.920385204000002,1.01704228176751
17.939280602,1.01704228176751
17.940018112,1.0168711568323598
17.959066216,1.0168711568323598
17.959743386,1.0168857152668462
17.979289012000002,1.0168857152668462
17.980029057,1.0172708730308042
17.999436064,1.0172708730308042
17.999964560000002,1.0167935441342817
18.019047577000002,1.0168166856376157
18.019831806000003,1.0168166856376157
18.039354330000002,1.0171962852684484
18.040097149,1.0171962852684484
18.059375484,1.0171967583803163
18.060176822000003,1.0171967583803163
18.079142873000002,1.0168610314933286
18.07957357,1.0168610314933286
18.09948718,1.0168610314933286
18.099746789,1.017142372867249
18.119361142000002,1.017142372867249
18.119509261,1.0165873716680036
18.139389344,1.0165873716680036
18.139753553000002,1.0170394952503667
18.159519187,1.0170394952503667
18.160072087,1.0168878163305746
18.179149293000002,1.0168878163305746
18.17969233,1.017188927820109
18.199067699,1.017188927820109
18.199757043,1.0171409572569357
18.219185138,1.0171409572569357
18.219972162,1.0166392314342485
18.239017025000003,1.0166392314342485
18.239504587000003,1.0172070252803789
18.259173511,1.0172070252803789
18.259749649,1.0172994236556516
18.279432048,1.0172994236556516
18.280082626000002,1.017026792010449
18.29907568,1.017084195008658
18.299436381,1.017084195008658
18.319060368000002,1.017084195008658
18.319445121,1.0169179464785085
18.33963215,1.0169179464785085
18.340036391,1.0171658719984518
18.358986141000003,1.0171658719984518
18.359623145,1.0172659630981908
18.379002485,1.0166065829900728
18.37942473,1.0166065829900728
18.400477562000003,1.0166065829900728
18.400766410000003,1.0167620468048082
18.419149603,1.0167620468048082
18.419557087,1.0166706579832063
18.439349197000002,1.0166706579832063
18.439650755000002,1.0166371005681978
18.45901336,1.0169331493882166
18.459447394,1.0169331493882166
18.47943111,1.0169331493882166
18.479725491,1.0173619936315046
18.49958346,1.0173619936315046
18.499952802000003,1.0165457527247892
18.519116395,1.0165457527247892
18.519692105,1.0169055040089117
18.539136056,1.0169055040089117
18.539558679000002,1.0173967766670213
18.559329606000002,1.0173967766670213
18.559730628,1.017708613267325
18.579248466000003,1.017708613267325
18.579977802000002,1.01750460146942
18.600515593,1.0165849204269872
18.600954363,1.0165849204269872
18.619656955,1.016834637811564
18.620359509,1.016834637811564
18.639283716,1.0171879629699216
18.639789439,1.0171879629699216
18.659267795,1.0171879629699216
18.659664906,1.0171777295974718
18.679350691,1.0171777295974718
18.679743621,1.0167968372909055
18.699101889,1.0167968372909055
18.699466345,1.016878659567021
18.719087572,1.016878659567021
18.719603626,1.0170947562066541
18.738827921000002,1.017391967317246
18.739275782,1.017391967317246
18.759341548000002,1.016344072958611
18.759601776,1.016344072958611
18.779343319000002,1.0171043451038824
18.779637606,1.0171043451038824
18.799124136,1.016599247893475
18.800176552,1.016599247893475
18.819136001,1.016599247893475
18.819649665,1.0169599305001722
18.83960106,1.0164928834048734
18.840463966,1.0164928834048734
18.859314781000002,1.0164928834048734
18.860009261000002,1.0168211261836515
18.879327285000002,1.016346367737435
18.879777206,1.016346367737435
18.899118034,1.0170680235234724
18.89975408,1.0170680235234724
18.919281119,1.0170680235234724
18.91979655,1.017081810822867
18.939146234000003,1.017081810822867
18.939796838,1.0176883141604887
18.959273342,1.0176883141604887
18.960001153,1.017068843087338
18.979087632000002,1.0166162016896234
18.979360940000003,1.0166162016896234
18.998811759000002,1.0173048104254232
18.999321583,1.0173048104254232
19.019114423,1.0174292164949403
19.019597115,1.0174292164949403
19.039458451,1.0174292164949403
19.040265854,1.0167717213837133
19.059281901000002,1.0167717213837133
19.059530379,1.017349316468619
19.079401558,1.017349316468619
19.079631561000003,1.0226622062829958
19.09937875,1.0226622062829958
19.099586789,1.017736284723662
19.119356110000002,1.017736284723662
19.119668446000002,1.0227231017408596
19.139038451,1.0227231017408596
19.139554750000002,1.023172271168016
19.159527388,1.023172271168016
19.159599091,1.0228196370510088
19.179357117000002,1.0228196370510088
19.180011093,1.0177760112194048
19.199237525,1.0177760112194048
19.19956578,1.0168145845738874
19.219108167,1.0168145845738874
19.219673198000002,1.0168608452288137
19.23954231,1.0170587922541128
19.240510362000002,1.0170587922541128
19.258908605000002,1.0170587922541128
19.259490216,1.0161590005365835
19.279012955000002,1.0161590005365835
19.27972042,1.0170517849830614
19.299559472000002,1.0174168597070203
19.300115233,1.0174168597070203
19.319190651,1.0174168597070203
19.319455816,1.017387798717402
19.339194222,1.017387798717402
19.33975008,1.0172254840938078
19.359084752,1.0172254840938078
19.359731624000002,1.0171611259786115
19.379143105,1.0171611259786115
19.379579929000002,1.0172814118770586
19.399177472,1.0171310554353223
19.399467322,1.0171310554353223
19.419283255,1.0171310554353223
19.419811201,1.016892078062676
19.439258229,1.016892078062676
19.439909692,1.0170379976836668
19.459417462,1.0170379976836668
19.460282223,1.0168089817372785
19.479169416,1.0168089817372785
19.479786745000002,1.0168094921020494
19.499290948000002,1.0168094921020494
19.499961080000002,1.017297680219792
19.519407561,1.017297680219792
19.520041857000002,1.0172014149931894
19.539131206,1.0172014149931894
19.539424822,1.0172438684014307
19.559414088,1.0172438684014307
19.560061549,1.0171230907646642
19.579663624000002,1.0171230907646642
19.580258124,1.0169180358854757
19.599672448,1.0169180358854757
19.600510840000002,1.0169237616566644
19.619406933,1.0169237616566644
19.620147973,1.0172979819683061
19.639492141,1.0172979819683061
19.640234845000002,1.0173136281875597
19.659095699,1.0173136281875597
19.659793716000003,1.0167861010042654
19.679378638000003,1.0167861010042654
19.680184815,1.0169183450845705
19.698922532,1.0169183450845705
19.699636075,1.0169593083766924
19.719028495,1.0169593083766924
19.719600665,1.017458456298493
19.739276724,1.017458456298493
19.740026962,1.0166419918743597
19.759001049000002,1.0166419918743597
19.759665995000002,1.0169956597594247
19.779150741000002,1.0169956597594247
19.779617400000003,1.0167814071384893
19.799029611,1.0167814071384893
19.799557388,1.0166544306186662
19.819184918,1.0166544306186662
19.819560860000003,1.0169642890898214
19.838988997,1.0169642890898214
19.839558657,1.0172771575955377
19.859362853,1.0172771575955377
19.860168939,1.0167956861762033
19.879244912,1.0167956861762033
19.880080978000002,1.0168876747695432
19.899217785,1.0168876747695432
19.899668999000003,1.0161986972300039
19.919542889000002,1.0161986972300039
19.920043505000002,1.0169598634449468
19.938837471000003,1.0169598634449468
19.939495328,1.0170058186260686
19.959161895,1.0170058186260686
19.959748124,1.0172294627038465
19.979226192000002,1.0172294627038465
19.979952110000003,1.0168111126033292
19.99915662,1.0168111126033292
19.999546209000002,1.0167226295081602
20.019099875000002,1.0167226295081602
20.019909686000002,1.0172945211736188
20.038959204,1.0172945211736188
20.039576197000002,1.0172499070970045
20.059101613000003,1.0172499070970045
20.059745302,1.0168018440810667
20.079124016,1.0168018440810667
20.079789764,1.0171172271577344
20.098936597,1.0171172271577344
20.099591279000002,1.01667906596341
20.119010537,1.01667906596341
20.119937595,1.0166822585371957
20.139304607,1.0166822585371957
20.139904417,1.0170248176065908
20.159027273,1.0170248176065908
20.159647274,1.0171783368197904
20.179223563,1.0171783368197904
20.179804854,1.0169228936640249
20.199202153,1.0169228936640249
20.199888169,1.0164165820089803
20.219180058000003,1.0164165820089803
20.219594093,1.0164239580837713
20.239139506,1.0164239580837713
20.239625274,1.0172951656488405
20.260607989,1.0172951656488405
20.261228615,1.0168824370113836
20.27970798,1.0172564598826395
20.280333362,1.0172564598826395
20.299143156,1.0166034947244154
20.299793755,1.0166034947244154
20.319423327000003,1.0159405215738044
20.31951011,1.0159405215738044
20.339419554000003,1.0176843802539335
20.339747511000002,1.0176843802539335
20.359233124000003,1.0176843802539335
20.359964177000002,1.0172610196379648
20.379306744,1.0172610196379648
20.379794041,1.0164096157161222
20.399379652,1.0164096157161222
20.399938650000003,1.0170188347903715
20.419464181000002,1.0170188347903715
20.420278262,1.0162943552342878
20.439043429,1.0162943552342878
20.439707625,1.01727681114354
20.459081018000003,1.01727681114354
20.459692405000002,1.0175338785258756
20.479252381000002,1.0169711063710676
20.47975847,1.0169711063710676
20.499114954000003,1.0167247342971788
20.499548790000002,1.0167247342971788
20.519252901,1.0167247342971788
20.519635833000002,1.0167692142633424
20.53926937,1.0167692142633424
20.53983522,1.016145663997315
20.559168249000003,1.016145663997315
20.559469276,1.0168172109035478
20.579704767000003,1.0168172109035478
20.580039727000003,1.0174405227509962
20.600180648000002,1.0174405227509962
20.600483627000003,1.017535607060574
20.61912505,1.017535607060574
20.619486201,1.0168783913461195
20.639162574,1.0168783913461195
20.639512017,1.0163245151845441
20.659152729000002,1.0163245151845441
20.65960404,1.0174049276021944
20.679339871,1.0174049276021944
20.679589540000002,1.0174365925697313
20.69930486,1.0174365925697313
20.699712486000003,1.017470090380095
20.719085386,1.017470090380095
20.719420122000002,1.0168616424409376
20.739309829,1.0168616424409376
20.739694373000003,1.0164107780066953
20.759521831,1.0164107780066953
20.759995819,1.016328620454453
20.779076571,1.016328620454453
20.779588907,1.0172862435785757
20.799248875,1.0172862435785757
20.799656390000003,1.0173549155799375
20.819161904,1.0173549155799375
20.819869229000002,1.0174710291532503
20.839386643,1.0174710291532503
20.840039445000002,1.0169066588489042
20.859536487,1.0169066588489042
20.860301126,1.0167240078655706
20.87947458,1.0167240078655706
20.8799607,1.0168383929041849
20.899373098,1.0168383929041849
20.899888321000002,1.0168922792283521
20.919316546,1.0168922792283521
20.919835335000002,1.0175637926069723
20.939223468,1.0175637926069723
20.939876597,1.0163244593051897
20.959133401000003,1.0163244593051897
20.959521808,1.016757412543677
20.979166424000002,1.016757412543677
20.979821874000002,1.0172637204734312
20.999166739,1.0172637204734312
20.999775463000002,1.0177620078531728
21.019083498,1.0177620078531728
21.019665073000002,1.016594591280602
21.039291473000002,1.016594591280602
21.040208186,1.0168504963723646
21.059215975,1.0168504963723646
21.059890819,1.016641570916556
21.079164156,1.016641570916556
21.079678723,1.016777085801743
21.100726444000003,1.016777085801743
21.101409592,1.017326301625155
21.119148985000002,1.017326301625155
21.119677766000002,1.016920885732554
21.139526558,1.016920885732554
21.140235346,1.017045727661036
21.159502107,1.017045727661036
21.159798489,1.0164410124627576
21.179140325000002,1.0164410124627576
21.179803478,1.016687753340386
21.1990261,1.016687753340386
21.199426567,1.0168522919622884
21.219331642,1.0168522919622884
21.219957237000003,1.016996199926518
21.23899484,1.0176179918555246
21.239535861,1.0176179918555246
21.25938186,1.0176179918555246
21.25966182,1.0168686273602472
21.279163319000002,1.0168686273602472
21.279534866000002,1.0163728508261667
21.299602407000002,1.0163728508261667
21.299721483000003,1.0175833131281362
21.319538966,1.0175833131281362
21.319583568000002,1.016809238782309
21.339409305,1.016809238782309
21.339620086,1.0167413714436517
21.359700261,1.0167413714436517
21.360440697,1.0169200400916563
21.379120016,1.0163606505004392
21.380006660000003,1.0163606505004392
21.399286071000002,1.0163606505004392
21.400275535000002,1.016479796460055
21.419162556,1.016479796460055
21.419492229000003,1.0176168332902418
21.43964644,1.0176168332902418
21.440256983,1.0163356798795686
21.459306562000002,1.0163356798795686
21.459842597,1.017047910681151
21.479332267,1.017047910681151
21.480171924,1.0169849495498167
21.500476121000002,1.0169849495498167
21.500861158000003,1.016769370725535
21.519312634000002,1.016769370725535
21.520001074,1.0176125492063985
21.539703954,1.0176125492063985
21.540527047,1.0169684725908266
21.559250237,1.0169684725908266
21.559972801,1.016885201176785
21.579671506,1.016885201176785
21.580338175,1.0166474531499372
21.599860463000002,1.0166474531499372
21.600590295,1.0166017773655878
21.619117011,1.017432595333241
21.619831457,1.017432595333241
21.638981006,1.0176673296002374
21.639708653,1.0176673296002374
21.659313361000002,1.0176673296002374
21.659779796000002,1.017116709342383
21.679151972,1.01718294872918
21.679786380000003,1.01718294872918
21.699435216,1.01718294872918
21.699951407,1.016090369513415
21.719287756,1.0168798665610776
21.719901045,1.0168798665610776
21.739225866,1.0168798665610776
21.739797293000002,1.0172269369570242
21.759497322,1.0172269369570242
21.760124298,1.0173581938354002
21.779044415,1.0173581938354002
21.779811727000002,1.0166860918609129
21.798947442000003,1.0166860918609129
21.799568799000003,1.0167468215433584
21.819364497000002,1.0167468215433584
21.820180016000002,1.0167022633460985
21.840592646,1.0167022633460985
21.841286133,1.0172256070283876
21.859201806,1.0177464845684991
21.859872968,1.0177464845684991
21.879224983,1.0171864989308343
21.880131294,1.0171864989308343
21.898967694000003,1.0160262200144754
21.899365542,1.0160262200144754
21.919387132,1.0160262200144754
21.919702467,1.0168734255341516
21.939165701,1.0170987683443056
21.939646219,1.0170987683443056
21.959261632,1.0170987683443056
21.959623532000002,1.0175602237788663
21.979276679,1.0175602237788663
21.979583249,1.0165655861703382
21.999653236,1.0165655861703382
22.000225415000003,1.0171238283721433
22.019267692,1.0171238283721433
22.019552795000003,1.0160123284069524
22.039389179,1.0166710342375265
22.039626258000002,1.0166710342375265
22.059266824,1.0173414002267347
22.059698603,1.0173414002267347
22.079354923,1.0173414002267347
22.079632233,1.0172822947708593
22.099590238,1.0172822947708593
22.099618500000002,1.017393539389752
22.119409376,1.017393539389752
22.119732799,1.0159333056864963
22.13910079,1.0159333056864963
22.139500895,1.0166583682505117
22.159007313,1.0166583682505117
22.15939543,1.017034842362784
22.179021816000002,1.017034842362784
22.179375051,1.017803859627031
22.199419397,1.017803859627031
22.19962491,1.0168992343453394
22.219229868000003,1.0168992343453394
22.219637665,1.0169639314619527
22.239117513,1.0169639314619527
22.239489277,1.0165372963158117
22.259207544000002,1.0165372963158117
22.259621687000003,1.0167087379006372
22.279503475000002,1.0167087379006372
22.279891728000003,1.0167232926098333
22.299165655000003,1.0167232926098333
22.299524565000002,1.0164077865985857
22.319386918000003,1.0164077865985857
22.319621446000003,1.0167142215279565
22.339243081000003,1.0167142215279565
22.339728396,1.0168422560302244
22.359371892000002,1.0168422560302244
22.359584780000002,1.0169207441715227
22.379272284000002,1.0169207441715227
22.37957764,1.0170208166448103
22.399247650000003,1.0170208166448103
22.399716385,1.0167961406616197
22.419054031,1.0167961406616197
22.419462668,1.016939195534371
22.43934532,1.016939195534371
22.439729178,1.0167350570765958
22.459388209,1.0167350570765958
22.459858788000002,1.0168914596644865
22.479374958,1.0168914596644865
22.479695376000002,1.01662027715721
22.49955402,1.01662027715721
22.499855322000002,1.0166490587500558
22.51916847,1.0166490587500558
22.519557357,1.016812070002936
22.539292508000003,1.016812070002936
22.539769916,1.0173014092353807
22.559284442000003,1.0173014092353807
22.559688744000002,1.0168445061055646
22.580435561,1.0168445061055646
22.580818603,1.0168318475691305
22.59986178,1.0168318475691305
22.600327330000002,1.0167621920911298
22.619511382000002,1.0167621920911298
22.619955259,1.0162533993927465
22.639225926,1.0162533993927465
22.639577979000002,1.0175374101010786
22.659417557,1.0175374101010786
22.659634110000002,1.0168704639283643
22.679371397,1.0168704639283643
22.679747170000002,1.0166103194562421
22.699391746,1.0166103194562421
22.699660296,1.0170630167333112
22.719354250000002,1.0170630167333112
22.719716139000003,1.0170614521113859
22.739394585000003,1.0170614521113859
22.739823319000003,1.0171057681647764
22.759247758,1.0171057681647764
22.759502116,1.0166953492073045
22.779224115,1.0166953492073045
22.779573623,1.0170873354283796
22.799017698,1.0170873354283796
22.799462775000002,1.017175647160195
22.819413341,1.017175647160195
22.820073408000003,1.0170839938429819
22.839140523,1.0170839938429819
22.839772767000003,1.0171526472178922
22.859174890000002,1.0171526472178922
22.859728716000003,1.01706699534335
22.879433278,1.01706699534335
22.879995479,1.016350998273276
22.899542835000002,1.016350998273276
22.900039936000002,1.0166496175436006
22.919110506000003,1.0166496175436006
22.919368924,1.018037243476294
22.939168816000002,1.018037243476294
22.939489757,1.0169277104643808
22.959375208,1.0169277104643808
22.959612966,1.0170999790636526
22.978995396000002,1.0170999790636526
22.979354874000002,1.0168492931035982
22.999219123000003,1.0168492931035982
22.999496261,1.0169364276436792
23.019407002,1.0169364276436792
23.019944253000002,1.0170933666733728
23.039429336,1.0170933666733728
23.039759314,1.0171854260472284
23.059353656000003,1.0171854260472284
23.060064006,1.0168909343985544
23.079384548,1.0168909343985544
23.080349442000003,1.0164740855900274
23.099313316,1.0164740855900274
23.099716803,1.0169850389567838
23.119226543,1.0169850389567838
23.119807441000003,1.0167299720553384
23.139197496,1.0167299720553384
23.139891962,1.017329769870423
23.159203679,1.017329769870423
23.159740841,1.0164982105700002
23.179298932000002,1.0164982105700002
23.180058586,1.0171938750056253
23.199442726,1.0171938750056253
23.200193835,1.0167936409918295
23.219244609,1.0167936409918295
23.220072831000003,1.0167369048205839
23.239216023,1.0167369048205839
23.240028021,1.0169396351186262
23.259187223,1.0169396351186262
23.259657091,1.0170910160151945
23.27940265,1.0170910160151945
23.280195746,1.0170218820778356
23.299486309000002,1.0170218820778356
23.299889980000003,1.0169323521760927
23.319129105000002,1.0169323521760927
23.319478904,1.0167845214811788
23.339337788,1.0167845214811788
23.340073781,1.0172137606052385
23.359351964000002,1.016997172227286
23.359845522,1.016997172227286
23.37906916,1.016997172227286
23.379382866,1.0169893789199815
23.399317326000002,1.0169893789199815
23.399665973,1.0174173588959203
23.419491441,1.0174173588959203
23.419770362,1.016981809130095
23.439162374000002,1.016981809130095
23.439398333,1.0168408925739751
23.459188502,1.0168408925739751
23.459562993000002,1.0168871420530305
23.479433487,1.0174739907590375
23.480306879,1.0174739907590375
23.499338564000002,1.0174739907590375
23.500004258,1.0174734692183958
23.519102325000002,1.0174734692183958
23.519911387,1.0177710919735656
23.539299661,1.0177710919735656
23.539688078,1.0170108924714552
23.559167372,1.0170108924714552
23.559624903000003,1.0166833202449308
23.580101645000003,1.0166833202449308
23.580808003,1.0166314195004926
23.599029355000003,1.0166314195004926
23.599636243000003,1.017146839490317
23.619169120000002,1.017146839490317
23.619811748,1.0173716533092485
23.639551421,1.0173716533092485
23.640527293,1.0175602386800275
23.658967713000003,1.0175602386800275
23.659521546,1.0166777844635473
23.679158119,1.0166777844635473
23.679862415000002,1.0169987890032754
23.699099020000002,1.0169987890032754
23.699653627,1.0173941056338773
23.718925019,1.0173941056338773
23.719506288,1.0173724132684694
23.739254922,1.0173724132684694
23.739976942000002,1.017451266488217
23.759254624,1.017451266488217
23.759672560000002,1.0168853948918806
23.778914092,1.0170112202970014
23.779568539000003,1.0170112202970014
23.799162075,1.0174496124593244
23.799725155,1.0174496124593244
23.819171033,1.0174496124593244
23.819582512,1.0166805486289487
23.839009735,1.0166805486289487
23.839485112000002,1.0177990595904813
23.859387679,1.0177990595904813
23.859643113,1.0173276762572752
23.879424766000003,1.0173276762572752
23.879589663,1.0164086322394834
23.899334477,1.0164086322394834
23.899574343,1.0169050420729147
23.919356898,1.0169050420729147
23.919817946000002,1.01733010887184
23.939167910000002,1.01733010887184
23.939474800000003,1.0173729273585306
23.959087595,1.0173729273585306
23.959603734,1.0173823523429857
23.979441313000002,1.0173823523429857
23.979694921,1.0174956980256067
23.999031512000002,1.0174956980256067
23.999410925000003,1.0168667796162592
24.019208048000003,1.0168667796162592
24.019469485000002,1.0174330721703992
24.039236775000003,1.0174330721703992
24.039631497000002,1.0169498126117216
24.059145903,1.0169498126117216
24.059428645,1.0175332303253637
24.079242681,1.0175332303253637
24.079644445000003,1.01792660607972
24.099325327000003,1.01792660607972
24.099716958000002,1.0168448153046594
24.119168499,1.0168448153046594
24.11942231,1.0170718195942865
24.139477250000002,1.0170718195942865
24.139760941000002,1.0170175272134767
24.159494959,1.0170175272134767
24.159658855,1.0170226941911207
24.179120988,1.0170226941911207
24.179474802,1.0173240701762662
24.199253171000002,1.0173240701762662
24.199499476,1.0173403012660966
24.218944791000002,1.0173403012660966
24.219302857000002,1.0169113974181638
24.239129031,1.0169113974181638
24.23937368,1.0174584637490736
24.259024116000003,1.0174584637490736
24.259420355000003,1.0171521033255086
24.279280226,1.0171521033255086
24.279581692,1.017432058891438
24.299423158,1.017432058891438
24.299665938,1.0174223954884039
24.319073754,1.0174223954884039
24.319488460000002,1.0170351590124593
24.338950032000003,1.0170351590124593
24.339478973000002,1.0168951328007207
24.359249811,1.0168951328007207
24.359582028000002,1.016931469282292
24.379023800000002,1.016931469282292
24.379627379000002,1.0178639578727708
24.399140066,1.0178639578727708
24.399419423,1.0176234829334245
24.419069401,1.0176234829334245
24.419392369,1.017030912181519
24.4394595,1.017030912181519
24.440027286000003,1.016980073144816
24.459224489,1.016980073144816
24.459553483,1.0170398305264936
24.479585053,1.0170398305264936
24.479965814,1.0172095920053945
24.499427046,1.0172095920053945
24.500148508000002,1.0177126738337503
24.519539037,1.0177126738337503
24.520509582000003,1.0171640205291734
24.539643635,1.0171640205291734
24.540458704000002,1.016839529117726
24.559511745000002,1.016839529117726
24.560166073,1.0174029494730459
24.579590251000003,1.0174029494730459
24.580226680000003,1.0173892031518446
24.599823232000002,1.0173892031518446
24.600519382,1.0176964352933393
24.619638464,1.0176964352933393
24.620465314,1.0173490407971368
24.639440319000002,1.0173490407971368
24.64018008,1.0167753051129804
24.659288978000003,1.0167753051129804
24.660258177000003,1.0173845502642618
24.679259827000003,1.0167749363092409
24.679610595,1.0167749363092409
24.699060582,1.0167749363092409
24.699421129,1.0471975511965976
24.719365801000002,1.0471975511965976
24.719752102,1.0471975511965976
24.739145320000002,1.0471975511965976
24.739751379,1.0471975511965976
24.759381253,1.0471975511965976
24.759789642,1.0471975511965976
24.779229358000002,1.0471975511965976
24.779855314000002,1.0471975511965976
24.798892542,1.0471975511965976
24.799376602000002,1.0471975511965976
24.819511875,1.0471975511965976
24.820102794,1.0471975511965976
24.839640296000002,1.0471975511965976
24.839913136,1.0471975511965976
24.859344578,1.0471975511965976
24.859594706000003,1.0471975511965976
24.879501736,1.0471975511965976
24.879682102,1.0471975511965976
24.898908834,1.0471975511965976
24.899285701,1.0471975511965976
24.919349857,1.0471975511965976
24.919639056,1.0471975511965976
24.939127888,1.0471975511965976
24.939566075000002,1.0471975511965976
24.959067637,1.0471975511965976
24.959385875000002,1.0471975511965976
24.979052017,1.0471975511965976
24.979428136000003,1.0471975511965976
24.999408300000002,1.0471975511965976
24.9996933,1.0471975511965976
25.018937166,1.0471975511965976
25.019521499000003,1.0471975511965976
25.039301972,1.0471975511965976
25.040149613,1.0471975511965976
25.059169325000003,1.0471975511965976
25.059850624000003,1.0471975511965976
25.079085094,1.0471975511965976
25.079568771,1.0471975511965976
25.099149609,1.0471975511965976
25.099632693,1.0471975511965976
25.119105881000003,1.0471975511965976
25.119967305000003,1.0471975511965976
25.139262948000002,1.0471975511965976
25.140052273000002,1.0471975511965976
25.159009933,1.0471975511965976
25.159729228000003,1.0471975511965976
25.179191912,1.0471975511965976
25.179648006,1.0471975511965976
25.199256681,1.0471975511965976
25.199770326000003,1.0471975511965976
25.219075796000002,1.0471975511965976
25.219605267000002,1.0471975511965976
25.239015608000003,1.0471975511965976
25.239561872000003,1.0471975511965976
25.258852091,1.0471975511965976
25.259409350000002,1.0471975511965976
25.279361752000003,1.0471975511965976
25.279726800000002,1.0471975511965976
25.298999802,1.0471975511965976
25.300084727,1.0471975511965976
25.319079300000002,1.0471975511965976
25.319556831,1.0471975511965976
25.339094949000003,1.0471975511965976
25.33951348,1.0471975511965976
25.35878238,1.0471975511965976
25.359507108000003,1.0471975511965976
25.378814752,1.0471975511965976
25.379465249000003,1.0471975511965976
25.399079641,1.0471975511965976
25.399549433,1.0471975511965976
25.419181212,1.0471975511965976
25.419545168000003,1.0471975511965976
25.438758366000002,1.0471975511965976
25.439400881,1.0471975511965976
25.458864624,1.0471975511965976
25.459231505,1.0471975511965976
25.478843606,1.0471975511965976
25.47945911,1.0471975511965976
25.499098958,1.0471975511965976
25.499538473,1.0471975511965976
25.519017251,1.0471975511965976
25.519315371,1.0471975511965976
25.539226521000003,1.0471975511965976
25.539599007000003,1.0471975511965976
25.559180528000002,1.0471975511965976
25.559866974000002,1.0471975511965976
25.578837344,1.0471975511965976
25.579124117000003,1.0471975511965976
25.60087914,1.0471975511965976
25.60114665,1.0471975511965976
25.619410029,1.0471975511965976
25.619680794,1.0471975511965976
25.639190704,1.0471975511965976
25.639830838,1.0471975511965976
25.658777469,1.0471975511965976
25.659791054000003,1.0471975511965976
25.679090772000002,1.0471975511965976
25.67971915,1.0471975511965976
25.699015159,1.0471975511965976
25.699724064,1.0471975511965976
25.719165765000003,1.0471975511965976
25.719600141,1.0471975511965976
25.739230175000003,1.0471975511965976
25.740162740000002,1.0471975511965976
25.759178684000002,1.0471975511965976
25.759338274,1.0471975511965976
25.779071112,1.0471975511965976
25.779566356,1.0471975511965976
25.799155572,1.0471975511965976
25.799570353,1.0471975511965976
25.819458067000003,1.0471975511965976
25.819595764000002,1.0471975511965976
25.83957545,1.0471975511965976
25.839981448000003,1.0471975511965976
25.859513062,1.0471975511965976
25.860321885,1.0471975511965976
25.879506897000002,1.0471975511965976
25.880133057000002,1.0471975511965976
25.899756145,1.0471975511965976
25.900914836000002,1.0471975511965976
25.919652991000003,1.0471975511965976
25.920266552,1.0471975511965976
25.939380138,1.0471975511965976
25.940159526000002,1.0471975511965976
25.959273279,1.0471975511965976
25.960017226,1.0471975511965976
25.97915336,1.0471975511965976
25.979459963,1.0471975511965976
25.999049683000003,1.0471975511965976
25.999329659,1.0471975511965976
26.019433275,1.0471975511965976
26.019802319,1.0471975511965976
26.039186132,1.0471975511965976
26.039458378000003,1.0471975511965976
26.059226032,1.0471975511965976
26.0594825,1.0471975511965976
26.079390463000003,1.0471975511965976
26.079707654,1.0471975511965976
26.099078537,1.0471975511965976
26.099617348000002,1.0471975511965976
26.119198282000003,1.0471975511965976
26.119654628000003,1.0471975511965976
26.139209728,1.0471975511965976
26.139669081,1.0471975511965976
26.159165805,1.0471975511965976
26.159512321,1.0471975511965976
26.179290095000002,1.0471975511965976
26.17986432,1.0471975511965976
26.199272425,1.0471975511965976
26.199583323000002,1.0471975511965976
26.219438353,1.0471975511965976
26.219743840000003,1.0471975511965976
26.239358889000002,1.0471975511965976
26.239754816,1.0471975511965976
26.259165683000003,1.0471975511965976
26.259415195000003,1.0471975511965976
26.279051999,1.0471975511965976
26.279491322000002,1.0471975511965976
26.299266266,1.0471975511965976
26.299674525,1.0471975511965976
26.318969876,1.0471975511965976
26.319301127000003,1.0471975511965976
26.339096995000002,1.0471975511965976
26.339474287,1.0471975511965976
26.359483396,1.0471975511965976
26.360187080000003,1.0471975511965976
26.379292556000003,1.0471975511965976
26.380104926,1.0471975511965976
26.399279187,1.0471975511965976
26.399898629000003,1.0471975511965976
26.41946318,1.0471975511965976
26.419999601,1.0471975511965976
26.439285226000003,1.0471975511965976
26.439898976000002,1.0471975511965976
26.459602914,1.0471975511965976
26.460434081000002,1.0471975511965976
26.479507299,1.0471975511965976
26.480211442,1.0471975511965976
26.499130629000003,1.0471975511965976
26.499485523,1.0471975511965976
26.519015306,1.0471975511965976
26.519609509000002,1.0471975511965976
26.539085218,1.0471975511965976
26.539920876,1.0471975511965976
26.559002557000003,1.0471975511965976
26.559425787000002,1.0471975511965976
26.579059368000003,1.0471975511965976
26.579527521000003,1.0471975511965976
26.600505386000002,1.0471975511965976
26.601004272,1.0471975511965976
26.61907541,1.0471975511965976
26.619519203000003,1.0471975511965976
26.639094865,1.0471975511965976
26.639668135,1.0471975511965976
26.659258054000002,1.0471975511965976
26.659725949000002,1.0471975511965976
26.678960627000002,1.0471975511965976
26.679387366,1.0471975511965976
26.699374084000002,1.0471975511965976
26.699898186000002,1.0471975511965976
26.71875198,1.0471975511965976
26.719158079000003,1.0471975511965976
